epoch,lr_backbone,lr_head,train_loss,train_loss_pose,train_mpjpe_body,train_pelvis_err,train_mpjpe_weighted,val_loss,val_loss_pose,val_mpjpe_body,val_pelvis_err,val_mpjpe_weighted,epoch_time
1,3.3333333333333335e-05,3.3333333333333335e-05,0.172018707072229,0.12030882071267207,289.10622429681626,372.58620938958813,316.6546193774309,0.0731169948662183,0.0731169948662183,191.0091706978829,291.093947706234,224.0371471106388,2311.7233045101166
2,6.666666666666667e-05,6.666666666666667e-05,0.1183970240926803,0.08103850420429935,207.24432918072654,267.84039556927286,227.24103108894718,0.07135629865584672,0.07135629865584672,186.84377709401386,224.78638734345844,199.36483847633068,2332.6523299217224
3,0.0001,0.0001,0.09869221028381696,0.0700312859323902,184.1388366389984,214.37660019906582,194.11729861382096,0.06079331780946729,0.06079331780946729,163.47037627124672,215.34688606768378,180.58962450407103,2322.9374644756317
4,0.0001,0.0001,0.08102366388400874,0.05911271158957346,160.718819872498,173.45402059379902,164.92143611052754,0.055221633248669244,0.055221633248669244,150.01287048487094,271.4192854164593,190.07698741229504,2316.3647384643555
5,9.91486549841951e-05,9.91486549841951e-05,0.06534916962755867,0.04910474001035387,138.999852065122,142.17254300929838,140.0468400767006,0.04931380969906996,0.04931380969906996,137.7505367265248,182.4073313999521,152.48727896875582,2318.336897611618
6,9.662361147021779e-05,9.662361147021779e-05,0.05953721448241192,0.04478912474852978,129.48903739595806,127.98864023499733,128.99390633284094,0.048212947185736585,0.048212947185736585,135.18548085634902,191.97915395177606,153.92739297783993,3312.4604263305664
7,9.251085678648072e-05,9.251085678648072e-05,0.04985050517213994,0.03920177561823725,117.02790394759465,103.23020708930878,112.4746639843603,0.04590184900424341,0.04590184900424341,129.68457033090627,181.2669281263547,146.70674840340413,3315.9669806957245
8,8.695044586103296e-05,8.695044586103296e-05,0.04516454747606109,0.03603968729676137,109.91887758048446,93.9152129464998,104.63766825126933,0.044343611220992084,0.044343611220992084,126.03296675641805,203.52948024735952,151.6068162084286,3315.534399032593
9,8.013173181896283e-05,8.013173181896283e-05,0.041666002912261656,0.033814585196152755,104.81892271808917,83.72880116801537,97.85918260656486,0.04175582911877638,0.04175582911877638,120.08215021425622,174.19296322858233,137.93871850898395,3318.442128419876
