epoch,lr_backbone,lr_head,train_loss,train_loss_pose,train_mpjpe_body,train_pelvis_err,train_mpjpe_weighted,val_loss,val_loss_pose,val_mpjpe_body,val_pelvis_err,val_mpjpe_weighted,epoch_time
1,3.3333333333333335e-05,3.3333333333333335e-05,0.172018707072229,0.12030882071267207,289.10622429681626,372.58620938958813,316.6546193774309,0.0731169948662183,0.0731169948662183,191.0091706978829,291.093947706234,224.0371471106388,2311.7233045101166
2,6.666666666666667e-05,6.666666666666667e-05,0.1183970240926803,0.08103850420429935,207.24432918072654,267.84039556927286,227.24103108894718,0.07135629865584672,0.07135629865584672,186.84377709401386,224.78638734345844,199.36483847633068,2332.6523299217224
