epoch,lr_backbone,lr_head,train_loss,train_loss_pose,train_mpjpe_body,train_pelvis_err,train_mpjpe_weighted,val_loss,val_loss_pose,val_mpjpe_body,val_pelvis_err,val_mpjpe_weighted,epoch_time
1,3.3333333333333335e-05,3.3333333333333335e-05,0.3606178143814895,0.2833684497029816,456.5039980539874,491.9729546612769,468.2087537343926,0.08204047717109089,0.08204047717109089,207.96727996568484,289.8236039763337,234.97986688919903,3168.971882581711
