epoch,lr_backbone,lr_head,train_loss,train_loss_pose,train_mpjpe_body,train_pelvis_err,train_mpjpe_weighted,val_loss,val_loss_pose,val_mpjpe_body,val_pelvis_err,val_mpjpe_weighted,epoch_time
1,3.3333333333333335e-05,3.3333333333333335e-05,0.3606178143814895,0.2833684497029816,456.5039980539874,491.9729546612769,468.2087537343926,0.08204047717109089,0.08204047717109089,207.96727996568484,289.8236039763337,234.97986688919903,3168.971882581711
2,6.666666666666667e-05,6.666666666666667e-05,0.23009404768439468,0.17800489759297972,299.9323986456921,342.73426481588797,314.0570144818565,0.08038383299221967,0.08038383299221967,205.49349033185456,259.3721606964369,223.27345155216682,3178.7472269535065
3,0.0001,0.0001,0.21454036385859018,0.1596304953400284,274.51230477833764,377.4679764402751,308.48767642677706,0.08815960597754675,0.08815960597754675,224.21907304825916,356.06365808503045,267.7277861103936,3196.9010388851166
