epoch,lr_backbone,lr_head,train_loss,train_loss_pose,train_mpjpe_body,train_pelvis_err,train_mpjpe_weighted,val_loss,val_loss_pose,val_mpjpe_body,val_pelvis_err,val_mpjpe_weighted,epoch_time
1,3.3333333333333333e-06,3.3333333333333335e-05,0.17587690874981382,0.12359670327387708,295.9305059083887,370.49756286021955,320.53763470249356,0.07562461166234802,0.07562461166234802,196.3025013517557,274.11126911453226,221.97939471347212,3244.9477322101593
2,6.666666666666667e-06,6.666666666666667e-05,0.11990051204132234,0.08093219646798273,207.2165124469199,278.1677427962281,230.63041846219113,0.07258485479615134,0.07258485479615134,188.51421248524554,255.56805149810017,210.6419793594879,3272.100802898407
3,1e-05,0.0001,0.105459787715946,0.0723054841080559,188.8565977844277,237.74924379122868,204.99117096667194,0.06552099471572513,0.06552099471572513,173.9102263134265,238.3600968405766,195.17868358738602,3274.206403017044
4,1e-05,0.0001,0.09366203673971915,0.06591346678503938,175.27965347550955,199.23375945426451,183.18450844849892,0.061917443037374606,0.061917443037374606,165.65287571850675,216.38790895165235,182.39543668544502,3260.94038772583
5,9.91486549841951e-06,9.91486549841951e-05,0.08139141760601357,0.05888775091186553,160.16401472810404,166.0958116735515,162.12150772010165,0.058888369393776493,0.058888369393776493,159.5631408875469,229.05831882950767,182.4965496083939,3261.3657212257385
6,9.66236114702178e-06,9.662361147021779e-05,0.07254390093185918,0.05339393436913441,148.19670538391924,148.18828123985324,148.19392541637762,0.056282409203920705,0.056282409203920705,153.12848393678377,206.19616157844644,170.6408175585325,3264.780102968216
