epoch,lr_backbone,lr_head,train_loss,train_loss_pose,train_mpjpe_body,train_pelvis_err,train_mpjpe_weighted,val_loss,val_loss_pose,val_mpjpe_body,val_pelvis_err,val_mpjpe_weighted,epoch_time
1,3.3333333333333335e-05,3.3333333333333335e-05,0.17277349708595935,0.12072148744047556,289.9670653775042,374.8640939037282,317.98308479115815,0.07305426954261428,0.07305426954261428,190.0963582958042,261.44681338780754,213.6420084761651,3230.4946763515472
2,6.666666666666667e-05,6.666666666666667e-05,0.12065796819742607,0.08167757483894045,208.63082412226885,279.6443829672332,232.06529854110684,0.07200238193116804,0.07200238193116804,186.89222166938,232.25280756196872,201.86121501393436,3170.9428222179413
3,0.0001,0.0001,0.10117104210719192,0.07124554649929671,186.6999316949343,225.24472808354713,199.41971450317644,0.06056568293469375,0.06056568293469375,163.66668319241992,225.19109520722355,183.96973915730496,3170.5928819179535
4,0.0001,0.0001,0.08350087644000308,0.06054082679184197,163.756415286798,182.7634676377029,170.02874256259668,0.05514905092826583,0.05514905092826583,149.93053512665273,217.25181865807178,172.1465586920211,3166.250884771347
5,9.91486549841951e-05,9.91486549841951e-05,0.0689847424102592,0.0509679996496405,143.03678922067343,153.2594108919768,146.4102543722034,0.05029384593116468,0.05029384593116468,140.42523930530064,189.48091236155915,156.61361141386595,3167.817615032196
6,9.662361147021779e-05,9.662361147021779e-05,0.05761623029267395,0.044421620770788706,128.75744154907767,119.55897145817897,125.7219464190812,0.04852926290163768,0.04852926290163768,136.00614723049114,202.56805649079806,157.9715772863925,3152.147161960602
7,9.251085678648072e-05,9.251085678648072e-05,0.05198092751695696,0.040611715128549754,120.30964909964834,107.53984106787404,116.09561244916284,0.04564992115530663,0.04564992115530663,128.8740879882518,156.0297891089942,137.8354693580969,3160.568356990814
8,8.695044586103296e-05,8.695044586103296e-05,0.04691801268543678,0.037643242197994795,113.60256117759738,92.5199610207034,106.6453031258225,0.04340283540206702,0.04340283540206702,124.01871966280322,158.03141422754894,135.2429088691693,3158.1850345134735
