epoch,lr_backbone,lr_head,train_loss,train_loss_pose,train_mpjpe_body,train_pelvis_err,train_mpjpe_weighted,val_loss,val_loss_pose,val_mpjpe_body,val_pelvis_err,val_mpjpe_weighted,epoch_time
1,3.3333333333333335e-05,3.3333333333333335e-05,0.18496115638286423,0.1305387947871158,310.1019737625364,367.29396593457466,328.97533117930857,0.09302275920392376,0.09302275920392376,233.35097580048085,269.6563172426672,245.33173847640248,4728.027605772018
