epoch,lr_backbone,lr_head,train_loss,train_loss_pose,train_mpjpe_body,train_pelvis_err,train_mpjpe_weighted,val_loss,val_loss_pose,val_mpjpe_body,val_pelvis_err,val_mpjpe_weighted,epoch_time
1,3.3333333333333335e-05,3.3333333333333335e-05,0.18496115638286423,0.1305387947871158,310.1019737625364,367.29396593457466,328.97533117930857,0.09302275920392376,0.09302275920392376,233.35097580048085,269.6563172426672,245.33173847640248,4761.437347412109
2,6.666666666666667e-05,6.666666666666667e-05,0.12311158575556412,0.08425694855756968,214.04646527397247,272.40604725814154,233.3051273287484,0.06872218248936537,0.06872218248936537,180.73453642289516,243.7039987934513,201.5144590051787,4776.980609178543
3,0.0001,0.0001,0.10529043611806733,0.07381042765195117,192.07849762755305,226.28173894803686,203.3655672633127,0.06475669489578041,0.06475669489578041,172.5305221336742,223.51462889005248,189.35527736327887,4803.666566371918
4,0.0001,0.0001,0.0850159663794311,0.06161119848220804,166.31065264285706,182.1191290093797,171.5274498438096,0.057687356960212655,0.057687356960212655,157.15131272337837,204.03006428947495,172.62130074019035,4810.63835477829
