epoch,lr_backbone,lr_head,train_loss,train_loss_pose,train_mpjpe_body,train_pelvis_err,train_mpjpe_weighted,val_loss,val_loss_pose,val_mpjpe_body,val_pelvis_err,val_mpjpe_weighted,epoch_time
1,3.3333333333333333e-06,3.3333333333333335e-05,0.1750956444073282,0.12197168701770111,292.5047741648968,384.43748918162487,322.8425701204174,0.0756777583096801,0.0756777583096801,195.73335707863507,278.35052619998504,222.99702288868048,3101.8234164714813
2,6.666666666666667e-06,6.666666666666667e-05,0.12269845341601804,0.08275227461710921,210.92097255714035,285.74795879148996,235.61387801447594,0.06933968663620071,0.06933968663620071,181.66481896044982,277.4554701070015,213.27573383881165,3093.1115906238556
3,1e-05,0.0001,0.10920217968263983,0.07369056810932192,191.81576203242972,255.17350525520814,212.7238172959463,0.0694751756353387,0.0694751756353387,183.7215464629943,245.5180454415205,204.1143911259077,3091.7862391471863
4,1e-05,0.0001,0.09888098383483969,0.06849102559130807,180.6977764465448,218.36220650555137,193.1270383660172,0.06408780786928926,0.06408780786928926,170.23504363498296,265.24173235001695,201.58725091094414,3078.271157503128
5,9.91486549841951e-06,9.91486549841951e-05,0.08931285354761175,0.06250828188891801,167.98945844769855,193.9178748393527,176.54583585694436,0.06155890501379535,0.06155890501379535,164.7021402283083,225.93304338903852,184.90833827134924,3078.707905292511
6,9.66236114702178e-06,9.662361147021779e-05,0.08367453289275459,0.05920097314793336,160.73885034291786,181.27761003229722,167.5166410404128,0.059120443637232296,0.059120443637232296,158.7508933570043,227.84762153119317,181.55281365448698,3306.6713848114014
7,9.251085678648072e-06,9.251085678648072e-05,0.07381457364997054,0.05391996076768187,149.27013251296773,152.30827257133421,150.2727187322285,0.05670926845390956,0.05670926845390956,153.11766942648893,185.5798434751025,163.83018686253135,3312.435204267502
8,8.695044586103297e-06,8.695044586103296e-05,0.0677344042352478,0.050625581485399196,142.12027403219656,133.55607381751827,139.2940879613525,0.055740100964094964,0.055740100964094964,151.97413336612348,177.35272997222273,160.34907024613622,3312.5610675811768
9,8.013173181896283e-06,8.013173181896283e-05,0.062104540640527194,0.04694687198562061,133.9349254248186,121.62955967454384,129.87415472722796,0.052887832251600965,0.052887832251600965,144.8598488001254,156.00950849415742,148.53923649915612,3310.487543821335
