epoch,lr_backbone,lr_head,train_loss,train_loss_pose,train_mpjpe_body,train_pelvis_err,train_mpjpe_weighted,val_loss,val_loss_pose,val_mpjpe_body,val_pelvis_err,val_mpjpe_weighted,epoch_time
1,3.3333333333333333e-06,3.3333333333333335e-05,0.1750956444073282,0.12197168701770111,292.5047741648968,384.43748918162487,322.8425701204174,0.0756777583096801,0.0756777583096801,195.73335707863507,278.35052619998504,222.99702288868048,3101.8234164714813
2,6.666666666666667e-06,6.666666666666667e-05,0.12269845341601804,0.08275227461710921,210.92097255714035,285.74795879148996,235.61387801447594,0.06933968663620071,0.06933968663620071,181.66481896044982,277.4554701070015,213.27573383881165,3093.1115906238556
