epoch,lr_backbone,lr_head,train_loss,train_loss_pose,train_mpjpe_body,train_pelvis_err,train_mpjpe_weighted,val_loss,val_loss_pose,val_mpjpe_body,val_pelvis_err,val_mpjpe_weighted,epoch_time
1,3.3333333333333333e-06,3.3333333333333335e-05,0.21045520313277585,0.12998933518249978,309.1233899416691,483.27260795916993,366.59263188744444,0.07369770585762649,0.07369770585762649,191.14760781024708,289.24787128388664,223.52069475654787,3308.3988511562347
2,6.666666666666667e-06,6.666666666666667e-05,0.14910312116315955,0.08117508266812416,207.45600256216233,393.01044682025,268.6889691673312,0.07008530057975697,0.07008530057975697,184.61691697400212,248.30378547134674,205.6335835781256,3331.879535675049
