epoch,lr_backbone,lr_head,train_loss,train_loss_pose,train_mpjpe_body,train_pelvis_err,train_mpjpe_weighted,val_loss,val_loss_pose,val_mpjpe_body,val_pelvis_err,val_mpjpe_weighted,epoch_time
1,3.3333333333333333e-06,3.3333333333333335e-05,0.21045520313277585,0.12998933518249978,309.1233899416691,483.27260795916993,366.59263188744444,0.07369770585762649,0.07369770585762649,191.14760781024708,289.24787128388664,223.52069475654787,3308.3988511562347
2,6.666666666666667e-06,6.666666666666667e-05,0.14910312116315955,0.08117508266812416,207.45600256216233,393.01044682025,268.6889691673312,0.07008530057975697,0.07008530057975697,184.61691697400212,248.30378547134674,205.6335835781256,3331.879535675049
3,1e-05,0.0001,0.13379231619072382,0.07217675873784418,188.48947837882739,353.6149146748616,242.98087235651923,0.0665951504004699,0.0665951504004699,175.34463328878036,236.4675935485251,195.51521017449593,3322.007675886154
4,1e-05,0.0001,0.12501884899217167,0.06737550212149382,178.05961372129067,327.8444884712746,227.48862238878576,0.06207522853256278,0.06207522853256278,165.85503547585628,238.23249578073316,189.7395973764655,3310.0611431598663
5,9.91486549841951e-06,9.91486549841951e-05,0.11614591453019164,0.06251019197194692,167.71585625134517,304.1820368896639,212.74969586199063,0.06492549430610403,0.06492549430610403,171.9181318938804,242.50289703939734,195.21110439190056,3314.0573592185974
