epoch,lr_backbone,lr_head,train_loss,train_loss_pose,train_mpjpe_body,train_pelvis_err,train_mpjpe_weighted,val_loss,val_loss_pose,val_mpjpe_body,val_pelvis_err,val_mpjpe_weighted,epoch_time
1,3.3333333333333333e-06,3.3333333333333335e-05,0.1970091342473045,0.13999987049163937,329.28253324579936,386.33619496186674,348.11024161210145,0.07768280991320516,0.07768280991320516,199.4875178503904,272.56093022216504,223.60174393307605,3322.4191002845764
2,6.666666666666667e-06,6.666666666666667e-05,0.13518958212247448,0.09046478513828783,227.22671952347275,317.2396002607001,256.93097016675745,0.0735441963373716,0.0735441963373716,192.22877953394763,271.9495694490624,218.53664020593544,3281.987684249878
3,1e-05,0.0001,0.11567099460361123,0.07833129512246384,201.4784948579717,266.1282090180429,222.81290053079496,0.06692023958170515,0.06692023958170515,176.0826565290389,276.08971181393247,209.08498477305355,3278.83279132843
4,1e-05,0.0001,0.10071723010954862,0.06930893985171194,182.5083810034396,224.43854252608082,196.3453343059111,0.06456551620392949,0.06456551620392949,170.7129939577404,223.74451294681563,188.21339522413493,3293.102828502655
5,9.91486549841951e-06,9.91486549841951e-05,0.08786453747622872,0.06158894209274957,166.1350305374851,189.550462112765,173.86212295732733,0.061686792469328434,0.061686792469328434,164.50815314464316,200.0623527223152,176.24103900527504,3308.0116617679596
6,9.66236114702178e-06,9.662361147021779e-05,0.07664853705776274,0.05572780348039678,153.52591978801513,157.09434772851424,154.70350100837976,0.060291601979680386,0.060291601979680386,161.51495023573264,173.70522082872932,165.53773953142138,3318.131844997406
7,9.251085678648072e-06,9.251085678648072e-05,0.06723503880745403,0.0505876171711108,142.28087194634813,130.01061580240008,138.23168741884533,0.05217751138366139,0.05217751138366139,144.17142971117045,155.61385597624738,147.94743037864583,3323.904495716095
8,8.695044586103297e-06,8.695044586103296e-05,0.05964434595968506,0.04554820298308659,131.3563150329783,114.69200466462824,125.85709261142303,0.0514109559408844,0.0514109559408844,142.3927890193189,158.63994555594118,147.75435067640413,3335.9258286952972
