epoch,lr_backbone,lr_head,train_loss,train_loss_pose,train_mpjpe_body,train_pelvis_err,train_mpjpe_weighted,val_loss,val_loss_pose,val_mpjpe_body,val_pelvis_err,val_mpjpe_weighted,epoch_time
1,3.3333333333333333e-06,3.3333333333333335e-05,0.1970091342473045,0.13999987049163937,329.28253324579936,386.33619496186674,348.11024161210145,0.07768280991320516,0.07768280991320516,199.4875178503904,272.56093022216504,223.60174393307605,3322.4191002845764
2,6.666666666666667e-06,6.666666666666667e-05,0.13518958212247448,0.09046478513828783,227.22671952347275,317.2396002607001,256.93097016675745,0.0735441963373716,0.0735441963373716,192.22877953394763,271.9495694490624,218.53664020593544,3281.987684249878
3,1e-05,0.0001,0.11567099460361123,0.07833129512246384,201.4784948579717,266.1282090180429,222.81290053079496,0.06692023958170515,0.06692023958170515,176.0826565290389,276.08971181393247,209.08498477305355,3278.83279132843
