epoch,lr_backbone,lr_head,train_loss,train_loss_pose,train_mpjpe_body,train_pelvis_err,train_mpjpe_weighted,val_loss,val_loss_pose,val_mpjpe_body,val_pelvis_err,val_mpjpe_weighted,epoch_time
1,3.3333333333333333e-06,3.3333333333333335e-05,0.1970091342473045,0.13999987049163937,329.28253324579936,386.33619496186674,348.11024161210145,0.07768280991320516,0.07768280991320516,199.4875178503904,272.56093022216504,223.60174393307605,3322.4191002845764
