epoch,lr_backbone,lr_head,train_loss,train_loss_pose,train_mpjpe_body,train_pelvis_err,train_mpjpe_weighted,val_loss,val_loss_pose,val_mpjpe_body,val_pelvis_err,val_mpjpe_weighted,epoch_time
1,3.3333333333333335e-05,3.3333333333333335e-05,0.18284354872289074,0.12750677061352722,304.19211615573914,394.23533838138013,333.90637949020044,0.08072137561670546,0.08072137561670546,204.98687463445168,278.67344448333483,229.303442684583,2282.5202429294586
2,6.666666666666667e-05,6.666666666666667e-05,0.1262808944404767,0.08402860862279028,213.50154579553973,299.9417114982581,242.02680047743664,0.07484328326857924,0.07484328326857924,190.25256044873282,253.01715778125353,210.96487756846454,2306.2683956623077
3,0.0001,0.0001,0.11020761535298304,0.07397867048405786,192.42619192788993,261.6747901051614,215.2782293263894,0.06642285182362083,0.06642285182362083,176.5666229745016,235.0199280475391,195.85621364860398,2288.452935218811
4,0.0001,0.0001,0.09577665509369421,0.06590168658901122,175.0852031840638,220.80422450833262,190.1724802210724,0.06040663084529781,0.06040663084529781,162.25255332551043,226.53301051269827,183.46510419728256,2286.720002889633
5,9.91486549841951e-05,9.91486549841951e-05,0.0829370260130121,0.05860215493438363,159.58632790853585,188.9312502949807,169.27015229606238,0.058646675657629245,0.058646675657629245,157.92797866287506,203.48574636986228,172.96204200618087,2282.617865562439
