epoch,lr_backbone,lr_head,train_loss,train_loss_pose,train_mpjpe_body,train_pelvis_err,train_mpjpe_weighted,val_loss,val_loss_pose,val_mpjpe_body,val_pelvis_err,val_mpjpe_weighted,epoch_time
1,3.3333333333333335e-05,3.3333333333333335e-05,0.18284354872289074,0.12750677061352722,304.19211615573914,394.23533838138013,333.90637949020044,0.08072137561670546,0.08072137561670546,204.98687463445168,278.67344448333483,229.303442684583,2282.5202429294586
2,6.666666666666667e-05,6.666666666666667e-05,0.1262808944404767,0.08402860862279028,213.50154579553973,299.9417114982581,242.02680047743664,0.07484328326857924,0.07484328326857924,190.25256044873282,253.01715778125353,210.96487756846454,2306.2683956623077
