epoch,lr_backbone,lr_head,train_loss,train_loss_pose,train_mpjpe_body,train_pelvis_err,train_mpjpe_weighted,val_loss,val_loss_pose,val_mpjpe_body,val_pelvis_err,val_mpjpe_weighted,epoch_time
1,3.3333333333333335e-05,3.3333333333333335e-05,0.25331481546635415,0.20003797048779512,307.1790299225337,367.2634263476516,327.00688074282164,0.07290048688083924,0.07290048688083924,188.93012231106638,285.8009467222722,220.89749436676408,3101.735232114792
2,6.666666666666667e-05,6.666666666666667e-05,0.16353461065667577,0.12491662130278829,208.86234165068439,270.58494492495186,229.23080073119297,0.07291642383900353,0.07291642383900353,189.66615249394508,225.31935106054289,201.43170802092223,3110.7257328033447
3,0.0001,0.0001,0.13658350913244535,0.10714283638632018,185.73264845690446,215.18148175095214,195.4507634439401,0.06264725101233176,0.06264725101233176,168.75032414343158,249.4378518333481,195.37720828110403,3118.118101835251
4,0.0001,0.0001,0.10786361780968401,0.08594547708514674,155.80377914786263,172.99671932169724,161.47744940522804,0.050916882819384876,0.050916882819384876,140.57659434466942,204.0970518436593,161.5383453193361,3131.40722489357
