epoch,lr_backbone,lr_head,train_loss,train_loss_pose,train_mpjpe_body,train_pelvis_err,train_mpjpe_weighted,val_loss,val_loss_pose,val_mpjpe_body,val_pelvis_err,val_mpjpe_weighted,epoch_time
1,3.3333333333333335e-05,3.3333333333333335e-05,0.25331481546635415,0.20003797048779512,307.1790299225337,367.2634263476516,327.00688074282164,0.07290048688083924,0.07290048688083924,188.93012231106638,285.8009467222722,220.89749436676408,3101.735232114792
2,6.666666666666667e-05,6.666666666666667e-05,0.16353461065667577,0.12491662130278829,208.86234165068439,270.58494492495186,229.23080073119297,0.07291642383900353,0.07291642383900353,189.66615249394508,225.31935106054289,201.43170802092223,3110.7257328033447
3,0.0001,0.0001,0.13658350913244535,0.10714283638632018,185.73264845690446,215.18148175095214,195.4507634439401,0.06264725101233176,0.06264725101233176,168.75032414343158,249.4378518333481,195.37720828110403,3118.118101835251
4,0.0001,0.0001,0.10786361780968401,0.08594547708514674,155.80377914786263,172.99671932169724,161.47744940522804,0.050916882819384876,0.050916882819384876,140.57659434466942,204.0970518436593,161.5383453193361,3131.40722489357
5,9.91486549841951e-05,9.91486549841951e-05,0.08660580187167753,0.07028183738563618,133.34650014305961,139.4727176161338,135.3681519091741,0.04601812553204443,0.04601812553204443,130.14637414451389,187.57845142580774,149.09895964734093,3135.852046251297
6,9.662361147021779e-05,9.662361147021779e-05,0.08165468789868298,0.06789376280914008,129.77775546189272,121.00211734904603,126.88179488465339,0.04634642968486783,0.04634642968486783,130.42549066117934,170.7767354944503,143.74140145615866,3362.636286497116
