epoch,lr_backbone,lr_head,train_loss,train_loss_pose,train_mpjpe_body,train_pelvis_err,train_mpjpe_weighted,val_loss,val_loss_pose,val_mpjpe_body,val_pelvis_err,val_mpjpe_weighted,epoch_time
1,3.3333333333333335e-05,3.3333333333333335e-05,0.25331481546635415,0.20003797048779512,307.1790299225337,367.2634263476516,327.00688074282164,0.07290048688083924,0.07290048688083924,188.93012231106638,285.8009467222722,220.89749436676408,3169.646737575531
2,6.666666666666667e-05,6.666666666666667e-05,0.16353461065667577,0.12491662130278829,208.86234165068439,270.58494492495186,229.23080073119297,0.07291642383900353,0.07291642383900353,189.66615249394508,225.31935106054289,201.43170802092223,3174.626439332962
