epoch,lr_backbone,lr_head,train_loss,train_loss_pose,train_mpjpe_body,train_pelvis_err,train_mpjpe_weighted,val_loss,val_loss_pose,val_mpjpe_body,val_pelvis_err,val_mpjpe_weighted,epoch_time
1,3.3333333333333333e-06,3.3333333333333335e-05,0.1755703844370685,0.12165564553902979,291.82920573586676,386.2434686101487,322.9859124843796,0.0791353865765907,0.0791353865765907,202.58974430098033,279.354864748597,227.92223404869372,3063.114785194397
2,6.666666666666667e-06,6.666666666666667e-05,0.1227858065284831,0.08181803512367514,209.09499981948437,293.06673391775814,236.8056720719147,0.07427730718211903,0.07427730718211903,193.0377336324915,326.0712247418264,236.938785698572,3073.6922919750214
