epoch,lr_backbone,lr_head,train_loss,train_loss_pose,train_mpjpe_body,train_pelvis_err,train_mpjpe_weighted,val_loss,val_loss_pose,val_mpjpe_body,val_pelvis_err,val_mpjpe_weighted,epoch_time
1,3.3333333333333333e-06,3.3333333333333335e-05,0.1755703844370685,0.12165564553902979,291.82920573586676,386.2434686101487,322.9859124843796,0.0791353865765907,0.0791353865765907,202.58974430098033,279.354864748597,227.92223404869372,3063.114785194397
2,6.666666666666667e-06,6.666666666666667e-05,0.1227858065284831,0.08181803512367514,209.09499981948437,293.06673391775814,236.8056720719147,0.07427730718211903,0.07427730718211903,193.0377336324915,326.0712247418264,236.938785698572,3073.6922919750214
3,1e-05,0.0001,0.11006593334053875,0.07405515015833056,192.61734232984062,259.6926104598139,214.75218081273172,0.06792074543243079,0.06792074543243079,178.91259064346517,274.30014748107396,210.39048439987627,3062.000245809555
4,1e-05,0.0001,0.10056319994883797,0.0685562640853212,180.7361816589858,230.02325158726194,197.0009147353169,0.06395660653773277,0.06395660653773277,169.54400083498155,255.66676957759697,197.96451452004456,3064.50421833992
5,9.91486549841951e-06,9.91486549841951e-05,0.09120822010621986,0.06360349185561892,170.30931127063832,199.34888561652232,179.89237080478026,0.06066406591468467,0.06066406591468467,162.5091119174934,221.03532640896603,181.82276269967923,3070.038856983185
