epoch,lr_backbone,lr_head,train_loss,train_loss_pose,train_mpjpe_body,train_pelvis_err,train_mpjpe_weighted,val_loss,val_loss_pose,val_mpjpe_body,val_pelvis_err,val_mpjpe_weighted,epoch_time
1,3.3333333333333335e-05,3.3333333333333335e-05,0.3882568531054496,0.31295252077522123,451.1098152339421,466.701607122536,456.25510655717824,0.08572146029125077,0.08572146029125077,217.631668919102,347.90192383880066,260.62085304260285,3134.059591293335
2,6.666666666666667e-05,6.666666666666667e-05,0.2389090000790384,0.18642000606291803,284.8658997799642,345.727755038628,304.9503120153234,0.08677786559909043,0.08677786559909043,217.38070767060984,279.3202556338615,237.82075849848272,3139.6026730537415
3,0.0001,0.0001,0.1897058235534465,0.14751743827725303,233.65062650326612,290.92456552844925,252.5510263815764,0.08002743813399095,0.08002743813399095,206.44991243590204,248.6320568218162,220.37002008325396,3148.0312411785126
4,0.0001,0.0001,0.1584363107235089,0.12421728220448001,201.18087744395743,243.35090035407734,215.0969850042966,0.0665344724654073,0.0665344724654073,177.1902172332506,216.74936576401512,190.2447362484031,3144.032395839691
5,9.91486549841951e-05,9.91486549841951e-05,0.13231893560888647,0.10698851023371873,177.91678351703666,193.11162076470518,182.93107980876707,0.06445537008731586,0.06445537008731586,172.11208846917054,211.8827936588927,185.2364211817787,3143.972183704376
