epoch,lr_backbone,lr_head,train_loss,train_loss_pose,train_mpjpe_body,train_pelvis_err,train_mpjpe_weighted,val_loss,val_loss_pose,val_mpjpe_body,val_pelvis_err,val_mpjpe_weighted,epoch_time
1,3.3333333333333335e-05,3.3333333333333335e-05,0.3882568531054496,0.31295252077522123,451.1098152339421,466.701607122536,456.25510655717824,0.08572146029125077,0.08572146029125077,217.631668919102,347.90192383880066,260.62085304260285,3134.059591293335
2,6.666666666666667e-05,6.666666666666667e-05,0.2389090000790384,0.18642000606291803,284.8658997799642,345.727755038628,304.9503120153234,0.08677786559909043,0.08677786559909043,217.38070767060984,279.3202556338615,237.82075849848272,3139.6026730537415
3,0.0001,0.0001,0.1897058235534465,0.14751743827725303,233.65062650326612,290.92456552844925,252.5510263815764,0.08002743813399095,0.08002743813399095,206.44991243590204,248.6320568218162,220.37002008325396,3148.0312411785126
4,0.0001,0.0001,0.1584363107235089,0.12421728220448001,201.18087744395743,243.35090035407734,215.0969850042966,0.0665344724654073,0.0665344724654073,177.1902172332506,216.74936576401512,190.2447362484031,3144.032395839691
5,9.91486549841951e-05,9.91486549841951e-05,0.13231893560888647,0.10698851023371873,177.91678351703666,193.11162076470518,182.93107980876707,0.06445537008731586,0.06445537008731586,172.11208846917054,211.8827936588927,185.2364211817787,3143.972183704376
6,9.662361147021779e-05,9.662361147021779e-05,0.128632397974232,0.10390531869063731,177.48616975345817,185.24712848723726,180.0472861356047,0.05312074050958863,0.05312074050958863,147.70959326326488,186.33128639239598,160.4547519958781,3375.6320526599884
7,9.251085678648072e-05,9.251085678648072e-05,0.09473160211942934,0.07762605622835443,136.21211789151096,141.96354163848125,138.11008772801094,0.04920606098651203,0.04920606098651203,138.82144135589047,168.80652161242736,148.71651784054743,3370.13383436203
8,8.695044586103296e-05,8.695044586103296e-05,0.08153618027546347,0.06868481201941337,123.67584465756455,113.74891977147108,120.39995944515385,0.047313349050738196,0.047313349050738196,133.7178204286803,174.28371742694887,147.10456643810878,3377.0078558921814
9,8.013173181896283e-05,8.013173181896283e-05,0.0737526198923399,0.06309685869079892,115.92285729783332,99.98957505204996,110.66487415672496,0.04450645648050869,0.04450645648050869,125.97516315492416,171.73908515488426,141.07725741491114,3383.309368133545
