epoch,lr_backbone,lr_head,train_loss,train_loss_pose,train_mpjpe_body,train_pelvis_err,train_mpjpe_weighted,val_loss,val_loss_pose,val_mpjpe_body,val_pelvis_err,val_mpjpe_weighted,epoch_time
1,3.3333333333333335e-05,3.3333333333333335e-05,0.35231347064982493,0.2955009787425427,408.6641149732265,388.99652068685924,402.17380885872524,0.2304488928905442,0.2304488928905442,376.890436059747,279.41832602009697,344.7246397466624,3128.1403946876526
