epoch,lr_backbone,lr_head,train_loss,train_loss_pose,train_mpjpe_body,train_pelvis_err,train_mpjpe_weighted,val_loss,val_loss_pose,val_mpjpe_body,val_pelvis_err,val_mpjpe_weighted,epoch_time
1,3.3333333333333335e-05,3.3333333333333335e-05,0.17277349708595935,0.12072148744047556,289.9670653775042,374.8640939037282,317.98308479115815,0.07305426954261428,0.07305426954261428,190.0963582958042,261.44681338780754,213.6420084761651,3147.6830372810364
2,6.666666666666667e-05,6.666666666666667e-05,0.12065796819742607,0.08167757483894045,208.63082412226885,279.6443829672332,232.06529854110684,0.07200238193116804,0.07200238193116804,186.89222166938,232.25280756196872,201.86121501393436,3156.393367767334
3,0.0001,0.0001,0.10117104210719192,0.07124554649929671,186.6999316949343,225.24472808354713,199.41971450317644,0.06056568293469375,0.06056568293469375,163.66668319241992,225.19109520722355,183.96973915730496,3152.217808008194
4,0.0001,0.0001,0.08350087644000308,0.06054082679184197,163.756415286798,182.7634676377029,170.02874256259668,0.05514905092826583,0.05514905092826583,149.93053512665273,217.25181865807178,172.1465586920211,3159.4014990329742
5,9.91486549841951e-05,9.91486549841951e-05,0.0689847424102592,0.0509679996496405,143.03678922067343,153.2594108919768,146.4102543722034,0.05029384593116468,0.05029384593116468,140.42523930530064,189.48091236155915,156.61361141386595,3149.4295876026154
6,9.662361147021779e-05,9.662361147021779e-05,0.06065515709534863,0.046106743834502265,132.2528512289133,125.88395731021816,130.15111623574376,0.046109350593659504,0.046109350593659504,130.22659110332714,183.4168437088068,147.7793744631353,3391.4714291095734
