epoch,lr_backbone,lr_head,train_loss,train_loss_pose,train_mpjpe_body,train_pelvis_err,train_mpjpe_weighted,val_loss,val_loss_pose,val_mpjpe_body,val_pelvis_err,val_mpjpe_weighted,epoch_time
1,3.3333333333333335e-05,3.3333333333333335e-05,0.1903269572762691,0.13877721079415803,290.52334185957227,368.983444126895,316.4151756077889,0.07440660710348798,0.07440660710348798,192.51764622815986,304.70732787147216,229.5402411704534,2266.233859539032
2,6.666666666666667e-05,6.666666666666667e-05,0.13450142138173415,0.09692015060052002,205.2313742755409,268.8446799067473,226.2237651338389,0.07110903560620956,0.07110903560620956,184.94313480022876,234.71613137138192,201.36822366870922,2269.3212792873383
