epoch,lr_backbone,lr_head,train_loss,train_loss_pose,train_mpjpe_body,train_pelvis_err,train_mpjpe_weighted,val_loss,val_loss_pose,val_mpjpe_body,val_pelvis_err,val_mpjpe_weighted,epoch_time
1,3.3333333333333335e-05,3.3333333333333335e-05,0.1903269572762691,0.13877721079415803,290.52334185957227,368.983444126895,316.4151756077889,0.07440660710348798,0.07440660710348798,192.51764622815986,304.70732787147216,229.5402411704534,2266.233859539032
