epoch,lr_backbone,lr_head,train_loss,train_loss_pose,train_mpjpe_body,train_pelvis_err,train_mpjpe_weighted,val_loss,val_loss_pose,val_mpjpe_body,val_pelvis_err,val_mpjpe_weighted,epoch_time
1,3.3333333333333335e-05,3.3333333333333335e-05,0.1903269572762691,0.13877721079415803,290.52334185957227,368.983444126895,316.4151756077889,0.07440660710348798,0.07440660710348798,192.51764622815986,304.70732787147216,229.5402411704534,2266.233859539032
2,6.666666666666667e-05,6.666666666666667e-05,0.13450142138173415,0.09692015060052002,205.2313742755409,268.8446799067473,226.2237651338389,0.07110903560620956,0.07110903560620956,184.94313480022876,234.71613137138192,201.36822366870922,2269.3212792873383
3,0.0001,0.0001,0.11799702662656095,0.08701882227321,185.2585702694391,228.76344725963358,199.61517967620333,0.06495662648073511,0.06495662648073511,174.0600598637819,224.98383290805057,190.86490496839036,2266.490998983383
4,0.0001,0.0001,0.09884606860696024,0.07640281737917129,163.92092001143703,175.81331885049735,167.84541162832687,0.056563666631861964,0.056563666631861964,153.7049646412075,212.94346234881834,173.25366888471927,2267.653915166855
5,9.91486549841951e-05,9.91486549841951e-05,0.08354499485718819,0.0658393074806126,142.32271519395806,150.3429344206237,144.96938753875784,0.0511096469177196,0.0511096469177196,141.7904335270457,187.5054284821661,156.87638186223523,2265.4720063209534
6,9.662361147021779e-05,9.662361147021779e-05,0.07631756910762884,0.061485677263908856,133.43971461174684,130.63350032084045,132.51366389574778,0.048471798383337594,0.048471798383337594,135.8140351142469,181.6161107591323,150.92872007705918,3262.0270795822144
7,9.251085678648072e-05,9.251085678648072e-05,0.066075255460872,0.05456068914824834,119.75778507476672,109.61873861050742,116.41189974156113,0.046850492844113176,0.046850492844113176,131.83113369636857,180.3425015149272,147.8398850764929,3264.560067176819
