epoch,lr_backbone,lr_head,train_loss,train_loss_pose,train_mpjpe_body,train_pelvis_err,train_mpjpe_weighted,val_loss,val_loss_pose,val_mpjpe_body,val_pelvis_err,val_mpjpe_weighted,epoch_time
1,3.3333333333333333e-06,3.3333333333333335e-05,0.17952270190537617,0.12570361242387174,300.61047036652326,378.1917861590588,326.2123045780601,0.07785398587674369,0.07785398587674369,199.3612221049457,310.2314921702349,235.94841122649092,3306.51535987854
2,6.666666666666667e-06,6.666666666666667e-05,0.1262403453893115,0.08429459120283178,213.96121978276588,300.4736453316648,242.51032021390245,0.07068770663055565,0.07068770663055565,186.11706114102904,287.10425523912085,219.4428351933992,3306.9299137592316
3,1e-05,0.0001,0.1095704041643185,0.07367678853182419,191.7645360500923,258.0159822962871,213.62751331133717,0.06675800008180274,0.06675800008180274,175.95141494806197,351.4198617509536,233.85600239301627,3291.6223006248474
