epoch,lr_backbone,lr_head,train_loss,train_loss_pose,train_mpjpe_body,train_pelvis_err,train_mpjpe_weighted,val_loss,val_loss_pose,val_mpjpe_body,val_pelvis_err,val_mpjpe_weighted,epoch_time
1,3.3333333333333335e-05,3.3333333333333335e-05,0.3641057406293206,0.3079587769912269,415.10442617560125,384.4182448867305,404.9779863502743,0.25864744173818965,0.25864744173818965,374.56752001275777,280.4599008134536,343.51200567698754,3065.182899951935
