epoch,lr_backbone,lr_head,train_loss,train_loss_pose,train_mpjpe_body,train_pelvis_err,train_mpjpe_weighted,val_loss,val_loss_pose,val_mpjpe_body,val_pelvis_err,val_mpjpe_weighted,epoch_time
1,3.3333333333333335e-05,3.3333333333333335e-05,0.3641057406293206,0.3079587769912269,415.10442617560125,384.4182448867305,404.9779863502743,0.25864744173818965,0.25864744173818965,374.56752001275777,280.4599008134536,343.51200567698754,3065.182899951935
2,6.666666666666667e-05,6.666666666666667e-05,0.29018498435286194,0.2448323161646186,369.1040099943039,316.07290427634956,351.60374510737887,0.21586048118635312,0.21586048118635312,352.94062976353996,288.04751560224986,331.5259020903143,3070.0297389030457
3,0.0001,0.0001,0.2419912462146921,0.19977601897384337,317.07666787744853,302.89313154842677,312.3961008888716,0.17789443695538007,0.17789443695538007,286.8992618427346,248.30420624073798,274.16289349407566,3082.147320985794
4,0.0001,0.0001,0.194012946705791,0.163106034207261,259.23772600015707,219.96536365530775,246.2778464263574,0.1670863572755251,0.1670863572755251,283.44667579641674,232.02690080336697,266.4781500487106,3100.9542424678802
5,9.91486549841951e-05,9.91486549841951e-05,0.16363292966012036,0.1398956065901931,223.895643484298,178.99847913407464,209.0795792487245,0.15720287815131814,0.15720287815131814,256.84596077581944,213.01409125241784,242.38144383309674,3097.6621210575104
6,9.662361147021779e-05,9.662361147021779e-05,0.15275837553215602,0.1315675878412479,209.66772942183667,166.19472334549502,195.32163741664402,0.14894486471237695,0.14894486471237695,247.72572322978905,204.29646505348933,233.39406803161006,3322.2594294548035
7,9.251085678648072e-05,9.251085678648072e-05,0.1337381443026475,0.11793657374332946,193.97806103581337,133.63427932236752,174.0646130703759,0.1421923930110776,0.1421923930110776,240.55635422360336,174.7583561012627,218.8430148432311,3323.0588595867157
8,8.695044586103296e-05,8.695044586103296e-05,0.11834837536388292,0.10504899340775513,173.81505870758696,116.77265920512204,154.99106687177382,0.13921782051283862,0.13921782051283862,237.5636769422432,158.54784686890386,211.48845301804135,3326.508686542511
