epoch,lr_backbone,lr_head,train_loss,train_loss_pose,train_mpjpe_body,train_pelvis_err,train_mpjpe_weighted,val_loss,val_loss_pose,val_mpjpe_body,val_pelvis_err,val_mpjpe_weighted,epoch_time
1,3.3333333333333335e-05,3.3333333333333335e-05,0.3641057406293206,0.3079587769912269,415.10442617560125,384.4182448867305,404.9779863502743,0.25864744173818965,0.25864744173818965,374.56752001275777,280.4599008134536,343.51200567698754,3065.182899951935
2,6.666666666666667e-05,6.666666666666667e-05,0.29018498435286194,0.2448323161646186,369.1040099943039,316.07290427634956,351.60374510737887,0.21586048118635312,0.21586048118635312,352.94062976353996,288.04751560224986,331.5259020903143,3070.0297389030457
3,0.0001,0.0001,0.2419912462146921,0.19977601897384337,317.07666787744853,302.89313154842677,312.3961008888716,0.17789443695538007,0.17789443695538007,286.8992618427346,248.30420624073798,274.16289349407566,3082.147320985794
4,0.0001,0.0001,0.194012946705791,0.163106034207261,259.23772600015707,219.96536365530775,246.2778464263574,0.1670863572755251,0.1670863572755251,283.44667579641674,232.02690080336697,266.4781500487106,3100.9542424678802
