epoch,lr_backbone,lr_head,train_loss,train_loss_pose,train_mpjpe_body,train_pelvis_err,train_mpjpe_weighted,val_loss,val_loss_pose,val_mpjpe_body,val_pelvis_err,val_mpjpe_weighted,epoch_time
1,3.3333333333333335e-05,3.3333333333333335e-05,0.1727070517984276,0.12093524748555008,290.4765673801067,372.21995726108855,317.4518860408301,0.07338700454740531,0.07338700454740531,190.43441951921966,264.77186346111597,214.96577602004564,3225.0686852931976
2,6.666666666666667e-05,6.666666666666667e-05,0.11921724947458434,0.08106890134395414,207.39606909241533,271.3418472029122,228.49817586887954,0.0696621501932889,0.0696621501932889,181.28302148282887,236.70805677084928,199.57328312787558,3169.9356887340546
