epoch,lr_backbone,lr_head,train_loss,train_loss_pose,train_mpjpe_body,train_pelvis_err,train_mpjpe_weighted,val_loss,val_loss_pose,val_mpjpe_body,val_pelvis_err,val_mpjpe_weighted,epoch_time
1,3.3333333333333335e-05,3.3333333333333335e-05,0.1727070517984276,0.12093524748555008,290.4765673801067,372.21995726108855,317.4518860408301,0.07338700454740531,0.07338700454740531,190.43441951921966,264.77186346111597,214.96577602004564,3225.0686852931976
2,6.666666666666667e-05,6.666666666666667e-05,0.11921724947458434,0.08106890134395414,207.39606909241533,271.3418472029122,228.49817586887954,0.0696621501932889,0.0696621501932889,181.28302148282887,236.70805677084928,199.57328312787558,3169.9356887340546
3,0.0001,0.0001,0.09898882051381301,0.06999451078196127,183.94318776435682,216.4125065045541,194.65806294862176,0.06265866776436244,0.06265866776436244,168.5525516008439,213.78889752009522,183.4805457541968,3171.066782474518
4,0.0001,0.0001,0.07952398257335958,0.05847602970591446,159.44584345560878,169.59159153363913,162.79394032135878,0.05326541786310145,0.05326541786310145,146.08225722824852,238.39518784268773,176.54552433101338,3165.250973701477
5,9.91486549841951e-05,9.91486549841951e-05,0.06567028833009383,0.04933042964880945,139.50357089969762,139.5911468834421,139.53247097433325,0.05015042871776047,0.05015042871776047,139.93519748738362,189.0390469605155,156.139467813517,3168.1921288967133
6,9.662361147021779e-05,9.662361147021779e-05,0.059206121144055414,0.04517892104272151,130.45439210279295,121.83988308438475,127.61160412671798,0.046486279585671725,0.046486279585671725,131.68970398851124,185.00144475561862,149.28257844165682,3406.1430702209473
