epoch,lr_backbone,lr_head,train_loss,train_loss_pose,train_mpjpe_body,train_pelvis_err,train_mpjpe_weighted,val_loss,val_loss_pose,val_mpjpe_body,val_pelvis_err,val_mpjpe_weighted,epoch_time
1,3.3333333333333335e-05,3.3333333333333335e-05,0.1996433299608137,0.14077080187444976,330.6935396103862,412.1536684718745,357.5753821346779,0.07926999321443325,0.07926999321443325,202.67765878969567,287.73639675733983,230.74704231901842,2359.1032733917236
2,6.666666666666667e-05,6.666666666666667e-05,0.13423545167859857,0.09047076057706399,226.80313576136004,313.09365100631084,255.27900579219403,0.07164380268224115,0.07164380268224115,186.97674473117144,279.91842014050457,217.64749761625131,2369.8860800266266
3,0.0001,0.0001,0.11761939440198606,0.07856273441383776,201.83637487352308,282.4104473169579,228.42581877985648,0.06961810221700099,0.06961810221700099,184.27403256516405,252.38276800286783,206.7499152596064,2345.2996995449066
4,0.0001,0.0001,0.103847877837911,0.07123911393036036,186.31292725575733,237.3223980981538,203.14605263374818,0.06269590917242235,0.06269590917242235,166.61786041443827,238.0698633412544,190.1970213802877,2344.7773320674896
5,9.91486549841951e-05,9.91486549841951e-05,0.0904433068838808,0.06454502450133555,172.22340030682244,197.31244483063537,180.50278499968073,0.058818332757688475,0.058818332757688475,158.3662338348867,263.1687958628766,192.9510793041238,2342.7955284118652
