epoch,lr_backbone,lr_head,train_loss,train_loss_pose,train_mpjpe_body,train_pelvis_err,train_mpjpe_weighted,val_loss,val_loss_pose,val_mpjpe_body,val_pelvis_err,val_mpjpe_weighted,epoch_time
1,3.3333333333333335e-05,3.3333333333333335e-05,0.1996433299608137,0.14077080187444976,330.6935396103862,412.1536684718745,357.5753821346779,0.07926999321443325,0.07926999321443325,202.67765878969567,287.73639675733983,230.74704231901842,2359.1032733917236
2,6.666666666666667e-05,6.666666666666667e-05,0.13423545167859857,0.09047076057706399,226.80313576136004,313.09365100631084,255.27900579219403,0.07164380268224115,0.07164380268224115,186.97674473117144,279.91842014050457,217.64749761625131,2369.8860800266266
