epoch,lr_backbone,lr_head,train_loss,train_loss_pose,train_mpjpe_body,train_pelvis_err,train_mpjpe_weighted,val_loss,val_loss_pose,val_mpjpe_body,val_pelvis_err,val_mpjpe_weighted,epoch_time
1,3.3333333333333335e-05,3.3333333333333335e-05,0.3663094461322812,0.2916149611504037,454.25983102809334,467.5260908768251,458.6376967781756,0.08950407209888155,0.08950407209888155,223.89680142281858,284.8100743311018,243.99818148255181,26903.352337360382
2,6.666666666666667e-05,6.666666666666667e-05,0.23809879904989203,0.1836446557639897,297.75609579442647,360.9197073097543,318.60008759448505,0.07519757974582789,0.07519757974582789,195.53568097564366,285.5733556989019,225.2481136343188,26922.90227675438
