epoch,lr_backbone,lr_head,train_loss,train_loss_pose,train_mpjpe_body,train_pelvis_err,train_mpjpe_weighted,val_loss,val_loss_pose,val_mpjpe_body,val_pelvis_err,val_mpjpe_weighted,epoch_time
1,3.3333333333333335e-05,3.3333333333333335e-05,0.3663094461322812,0.2916149611504037,454.25983102809334,467.5260908768251,458.6376967781756,0.08950407209888155,0.08950407209888155,223.89680142281858,284.8100743311018,243.99818148255181,26903.352337360382
