epoch,lr_backbone,lr_head,train_loss,train_loss_pose,train_mpjpe_body,train_pelvis_err,train_mpjpe_weighted,val_loss,val_loss_pose,val_mpjpe_body,val_pelvis_err,val_mpjpe_weighted,epoch_time
1,3.3333333333333335e-05,3.3333333333333335e-05,0.3478410285039368,0.26847521994708834,424.1615005696099,509.65728159657453,452.3751083085083,0.12017938315832428,0.12017938315832428,285.5207617268488,303.7546195178613,291.53793479788294,3139.188694000244
2,6.666666666666667e-05,6.666666666666667e-05,0.2260186364844753,0.17226638761009877,288.42250175065374,357.65401721106366,311.26890185258907,0.08145589509077901,0.08145589509077901,208.3509164402942,263.0878049438624,226.41408964647187,3131.897067785263
3,0.0001,0.0001,0.18412130256198192,0.13935867391238868,239.1234560502036,302.2352858791629,259.95035989376,0.07227951967897764,0.07227951967897764,189.05684612168335,266.5855391241242,214.64131481248862,3136.5660994052887
