epoch,lr_backbone,lr_head,train_loss,train_loss_pose,train_mpjpe_body,train_pelvis_err,train_mpjpe_weighted,val_loss,val_loss_pose,val_mpjpe_body,val_pelvis_err,val_mpjpe_weighted,epoch_time
1,3.3333333333333335e-05,3.3333333333333335e-05,0.18984662604113028,0.13414161807094818,703.79550167033,378.4941402626158,596.4460524057835,0.13223752243707207,0.13223752243707207,588.488460895092,301.7587820543167,493.8676668776364,3155.615862131119
2,6.666666666666667e-05,6.666666666666667e-05,0.16488017540535949,0.12225483854297145,505.8057551707098,293.37815208990713,435.7046461540455,0.11196115249666791,0.11196115249666791,496.2066051082818,256.5053899233534,417.1052040972557,3164.357432126999
3,0.0001,0.0001,0.12860779185378907,0.0933016716674244,407.8050965109228,245.77762523068893,354.3360309884457,0.08579781661607748,0.08579781661607748,467.62804919934246,228.05542700368332,388.56908387477563,3185.32319688797
4,0.0001,0.0001,0.0976274095928654,0.07179302501623731,384.10855290012466,190.07774668784742,320.07838685007306,0.0827208293199683,0.0827208293199683,390.9381170146284,221.55631956921843,335.0421238576431,3199.2125511169434
5,9.91486549841951e-05,9.91486549841951e-05,0.08249877247442695,0.06175613786701993,372.5200995553363,162.81023401909044,303.31584392837493,0.07983325908479558,0.07983325908479558,359.4509104877099,202.77674382788425,307.74843548996756,3200.934166431427
