epoch,lr_backbone,lr_head,train_loss,train_loss_pose,train_mpjpe_body,train_pelvis_err,train_mpjpe_weighted,val_loss,val_loss_pose,val_mpjpe_body,val_pelvis_err,val_mpjpe_weighted,epoch_time
1,3.3333333333333335e-05,3.3333333333333335e-05,0.18984662604113028,0.13414161807094818,703.79550167033,378.4941402626158,596.4460524057835,0.13223752243707207,0.13223752243707207,588.488460895092,301.7587820543167,493.8676668776364,3155.615862131119
