epoch,lr_backbone,lr_head,train_loss,train_loss_pose,train_mpjpe_body,train_pelvis_err,train_mpjpe_weighted,val_loss,val_loss_pose,val_mpjpe_body,val_pelvis_err,val_mpjpe_weighted,epoch_time
1,3.3333333333333335e-05,3.3333333333333335e-05,0.18984662604113028,0.13414161807094818,703.79550167033,378.4941402626158,596.4460524057835,0.13223752243707207,0.13223752243707207,588.488460895092,301.7587820543167,493.8676668776364,3155.615862131119
2,6.666666666666667e-05,6.666666666666667e-05,0.16488017540535949,0.12225483854297145,505.8057551707098,293.37815208990713,435.7046461540455,0.11196115249666791,0.11196115249666791,496.2066051082818,256.5053899233534,417.1052040972557,3164.357432126999
3,0.0001,0.0001,0.12860779185378907,0.0933016716674244,407.8050965109228,245.77762523068893,354.3360309884457,0.08579781661607748,0.08579781661607748,467.62804919934246,228.05542700368332,388.56908387477563,3185.32319688797
