epoch,lr_backbone,lr_head,train_loss,train_loss_pose,train_mpjpe_body,train_pelvis_err,train_mpjpe_weighted,val_loss,val_loss_pose,val_mpjpe_body,val_pelvis_err,val_mpjpe_weighted,epoch_time
1,3.3333333333333335e-05,3.3333333333333335e-05,0.19059070577211512,0.13426887022922354,706.6683490504337,382.8186801622909,599.7979583173471,0.13211799716740955,0.13211799716740955,586.2011237978504,286.5829625607112,487.327130589595,3080.575737476349
2,6.666666666666667e-05,6.666666666666667e-05,0.16483956108257844,0.1218621271737321,497.71821113958475,290.72308298875595,429.40981884981113,0.10935314096941808,0.10935314096941808,446.6097294125252,253.47220283020536,382.8743456403594,3092.6427526474
