epoch,lr_backbone,lr_head,train_loss,train_loss_pose,train_mpjpe_body,train_pelvis_err,train_mpjpe_weighted,val_loss,val_loss_pose,val_mpjpe_body,val_pelvis_err,val_mpjpe_weighted,epoch_time
1,3.3333333333333333e-06,3.3333333333333335e-05,0.17407095084524818,0.12129029203642766,291.16516156767347,382.1903599599557,321.2034770371267,0.0734714044345626,0.0734714044345626,190.7781233471179,273.0560342675958,217.9298339508754,3344.2641911506653
2,6.666666666666667e-06,6.666666666666667e-05,0.12450754936451848,0.08362714368248378,212.76643551324574,287.127348655232,237.30553685010076,0.07221977674908962,0.07221977674908962,187.8812046488174,275.3163345116039,216.73479750353692,3325.85955953598
3,1e-05,0.0001,0.10689892168991395,0.07336949076718209,191.11369041554002,240.59421675804674,207.44226410856714,0.06886368114568643,0.06886368114568643,181.64746274131343,239.18739312405467,200.63563976761827,3322.6952064037323
