epoch,lr_backbone,lr_head,train_loss,train_loss_pose,train_mpjpe_body,train_pelvis_err,train_mpjpe_weighted,val_loss,val_loss_pose,val_mpjpe_body,val_pelvis_err,val_mpjpe_weighted,epoch_time
1,3.3333333333333333e-06,3.3333333333333335e-05,0.17407095084524818,0.12129029203642766,291.16516156767347,382.1903599599557,321.2034770371267,0.0734714044345626,0.0734714044345626,190.7781233471179,273.0560342675958,217.9298339508754,3344.2641911506653
