epoch,lr_backbone,lr_head,train_loss,train_loss_pose,train_mpjpe_body,train_pelvis_err,train_mpjpe_weighted,val_loss,val_loss_pose,val_mpjpe_body,val_pelvis_err,val_mpjpe_weighted,epoch_time
1,3.3333333333333333e-06,3.3333333333333335e-05,0.1748268996389551,0.12257402326541282,293.8487748864182,364.64582557992287,317.2118016152744,0.0777959296180989,0.0777959296180989,199.5667243561785,289.7051591079399,229.3124078242598,3310.051522731781
