epoch,lr_backbone,lr_head,train_loss,train_loss_pose,train_mpjpe_body,train_pelvis_err,train_mpjpe_weighted,val_loss,val_loss_pose,val_mpjpe_body,val_pelvis_err,val_mpjpe_weighted,epoch_time
1,3.3333333333333333e-06,3.3333333333333335e-05,0.17672789840474773,0.12652914293058468,301.9414343613473,358.38405715913393,320.5674998846165,0.07472552277318531,0.07472552277318531,193.48053750658207,285.70183413451485,223.9135653937997,28427.276131391525
