epoch,lr_backbone,lr_head,train_loss,train_loss_pose,train_mpjpe_body,train_pelvis_err,train_mpjpe_weighted,val_loss,val_loss_pose,val_mpjpe_body,val_pelvis_err,val_mpjpe_weighted,epoch_time
1,3.3333333333333333e-06,3.3333333333333335e-05,0.1748268996389551,0.12257402326541282,293.8487748864182,364.64582557992287,317.2118016152744,0.0777959296180989,0.0777959296180989,199.5667243561785,289.7051591079399,229.3124078242598,3310.051522731781
2,6.666666666666667e-06,6.666666666666667e-05,0.1246081423757573,0.08450643432062967,214.5392191465932,288.64774676679883,238.9950332612606,0.07231045096878982,0.07231045096878982,189.45905288309757,273.22126643476497,217.10058335514776,3348.0888497829437
3,1e-05,0.0001,0.10724771970280218,0.07344444717284696,191.2045330557361,242.2496649202778,208.04942657103473,0.06743010450536509,0.06743010450536509,177.91794045957926,259.2828314727121,204.76835449391317,3363.798328399658
4,1e-05,0.0001,0.09641685767159423,0.06771109291388311,178.9066579237703,205.61662808998693,187.72094807862197,0.06294170247482987,0.06294170247482987,168.03833079596913,225.20549709748013,186.9034956754678,3359.393086910248
