epoch,lr_backbone,lr_head,train_loss,train_loss_pose,train_mpjpe_body,train_pelvis_err,train_mpjpe_weighted,val_loss,val_loss_pose,val_mpjpe_body,val_pelvis_err,val_mpjpe_weighted,epoch_time
1,3.3333333333333335e-05,3.3333333333333335e-05,0.17340040434342988,0.12394647250698668,296.47424712612934,345.586174112698,312.6811830316969,0.07267621378622167,0.07267621378622167,189.9819025239841,262.44093336098445,213.89338270019414,2379.116750717163
2,6.666666666666667e-05,6.666666666666667e-05,0.12000026276418875,0.08171371773517608,208.64939104385812,270.4362281813812,229.0390472992406,0.06758010451905475,0.06758010451905475,177.62954791981292,256.3129183512689,203.59506016219336,2376.507606983185
3,0.0001,0.0001,0.10254441275060215,0.07180334459412241,187.7496883302946,225.73372082894477,200.28441905484934,0.062125919723773175,0.062125919723773175,166.38893894982425,200.95985319646047,177.7973406512142,2376.1722774505615
