epoch,lr_backbone,lr_head,train_loss,train_loss_pose,train_mpjpe_body,train_pelvis_err,train_mpjpe_weighted,val_loss,val_loss_pose,val_mpjpe_body,val_pelvis_err,val_mpjpe_weighted,epoch_time
1,3.3333333333333335e-05,3.3333333333333335e-05,0.19207849673469132,0.13597808062011038,321.502144231911,382.88910869769916,341.75984250562146,0.07314577020156512,0.07314577020156512,189.45547985081507,271.207318990452,216.43358676689502,3103.776641845703
