epoch,lr_backbone,lr_head,train_loss,train_loss_pose,train_mpjpe_body,train_pelvis_err,train_mpjpe_weighted,val_loss,val_loss_pose,val_mpjpe_body,val_pelvis_err,val_mpjpe_weighted,epoch_time
1,3.3333333333333335e-05,3.3333333333333335e-05,0.1541911854141494,0.10234928064100195,290.5058271469686,373.1168910987472,317.76747825105525,0.07998704983975258,0.07998704983975258,205.068046625043,261.66507059702394,223.74506453579693,2306.191371679306
2,6.666666666666667e-05,6.666666666666667e-05,0.10660777168797873,0.06676116728467454,211.85057770413187,284.3124955112682,235.7630105804865,0.0717065107095335,0.0717065107095335,187.29498292856252,251.87541941883194,208.60652697035124,2310.30144071579
3,0.0001,0.0001,0.09632385177673457,0.060243267850257916,195.97829367194922,263.8061883888945,218.36149892854087,0.07703841465274805,0.07703841465274805,198.34771893251647,336.1886618168995,243.835230084363,2310.771195411682
4,0.0001,0.0001,0.09591384334200692,0.05841925822344666,190.87762599024612,281.7186503878419,220.85516404145253,0.06515496680277104,0.06515496680277104,172.2520270629441,242.41053671658543,195.4043352486457,2313.3649780750275
5,9.91486549841951e-05,9.91486549841951e-05,0.06639638845351695,0.044872404566297736,158.5662963606271,171.41682095856814,162.8069694779476,0.05613915661329671,0.05613915661329671,153.0886735352446,206.5524218459181,170.7317104777668,2314.573977470398
6,9.662361147021779e-05,9.662361147021779e-05,0.054573953579910725,0.03741188137659342,140.04876565480248,144.29157460498388,141.44889260836217,0.04939040293820445,0.04939040293820445,137.9901531665834,181.68413764576286,152.40916804471254,3313.0950067043304
7,9.251085678648072e-05,9.251085678648072e-05,0.044324887747757793,0.03192090142714101,125.80550456998317,115.71041917468717,122.47412638953575,0.047825466570712905,0.047825466570712905,133.90235706232713,176.49367889247844,147.95749326627677,3314.1735270023346
