epoch,lr_backbone,lr_head,train_loss,train_loss_pose,train_mpjpe_body,train_pelvis_err,train_mpjpe_weighted,val_loss,val_loss_pose,val_mpjpe_body,val_pelvis_err,val_mpjpe_weighted,epoch_time
1,3.3333333333333335e-05,3.3333333333333335e-05,0.1541911854141494,0.10234928064100195,290.5058271469686,373.1168910987472,317.76747825105525,0.07998704983975258,0.07998704983975258,205.068046625043,261.66507059702394,223.74506453579693,2306.191371679306
