epoch,lr_backbone,lr_head,train_loss,train_loss_pose,train_mpjpe_body,train_pelvis_err,train_mpjpe_weighted,val_loss,val_loss_pose,val_mpjpe_body,val_pelvis_err,val_mpjpe_weighted,epoch_time
1,3.3333333333333335e-05,3.3333333333333335e-05,0.1541911854141494,0.10234928064100195,290.5058271469686,373.1168910987472,317.76747825105525,0.07998704983975258,0.07998704983975258,205.068046625043,261.66507059702394,223.74506453579693,2306.191371679306
2,6.666666666666667e-05,6.666666666666667e-05,0.10660777168797873,0.06676116728467454,211.85057770413187,284.3124955112682,235.7630105804865,0.0717065107095335,0.0717065107095335,187.29498292856252,251.87541941883194,208.60652697035124,2310.30144071579
