epoch,lr_backbone,lr_head,train_loss,train_loss_pose,train_mpjpe_body,train_pelvis_err,train_mpjpe_weighted,val_loss,val_loss_pose,val_mpjpe_body,val_pelvis_err,val_mpjpe_weighted,epoch_time
1,3.3333333333333335e-05,3.3333333333333335e-05,0.1717615738567708,0.12035903294981848,289.12747666864476,369.4503957592588,315.6340399685476,0.07281819554394059,0.07281819554394059,190.43428115936757,293.23940996324194,224.35997366464622,3123.0799038410187
