epoch,lr_backbone,lr_head,train_loss,train_mpjpe_body,val_loss,val_mpjpe_all,val_mpjpe_body,val_mpjpe_hand,epoch_time
1,3.3333333333333333e-06,3.3333333333333335e-05,1.6028285026550293,4113.949780273438,1.8106894761323928,4794.705535888672,4903.90634765625,4777.981652832032,46.613497495651245
