epoch,lr_backbone,lr_head,train_loss,train_loss_pose,train_mpjpe_body,train_pelvis_err,train_mpjpe_weighted,val_loss,val_loss_pose,val_mpjpe_body,val_pelvis_err,val_mpjpe_weighted,epoch_time
1,3.3333333333333333e-06,3.3333333333333335e-05,0.17672099928507856,0.1234588505838248,295.574822568984,383.7982449039317,324.688551939517,0.07514450219162123,0.07514450219162123,194.28825491616465,288.28670568431676,225.30774366965494,3318.9168536663055
