epoch,lr_backbone,lr_head,train_loss,train_loss_pose,train_mpjpe_body,train_pelvis_err,train_mpjpe_weighted,val_loss,val_loss_pose,val_mpjpe_body,val_pelvis_err,val_mpjpe_weighted,epoch_time
1,3.3333333333333333e-06,3.3333333333333335e-05,0.17672099928507856,0.1234588505838248,295.574822568984,383.7982449039317,324.688551939517,0.07514450219162123,0.07514450219162123,194.28825491616465,288.28670568431676,225.30774366965494,3318.9168536663055
2,6.666666666666667e-06,6.666666666666667e-05,0.12491754151319234,0.08406739584993078,213.62432944434892,289.47606616415806,238.65540256188586,0.0722693312302034,0.0722693312302034,188.89179794808493,292.0804863781348,222.9440651300015,3274.585964202881
3,1e-05,0.0001,0.10623383821425293,0.07301462995639853,190.32837854811783,237.5208300638229,205.90188754830055,0.06620122856529041,0.06620122856529041,175.10494486184115,234.00365106561935,194.541517909088,3287.0089933872223
4,1e-05,0.0001,0.09340045755189985,0.06565986556945307,174.55708409624057,198.22095221820854,182.3661605764898,0.06167554082202897,0.06167554082202897,165.62555098217274,223.56401940910607,184.7452455630608,3278.1639132499695
5,9.91486549841951e-06,9.91486549841951e-05,0.08044830991864733,0.05841596223333729,159.1188611253445,161.1785365389147,159.79855401182255,0.058383940702216613,0.058383940702216613,157.3351007238372,171.55576684305262,162.02792054317845,3278.1475763320923
6,9.66236114702178e-06,9.662361147021779e-05,0.07056699128157357,0.05295477318208832,147.12997609984654,134.64925073837463,143.01133673056088,0.0543852255671803,0.0543852255671803,148.92144480890474,161.3791632082839,153.0324918806997,3283.9421484470367
