epoch,lr_backbone,lr_head,train_loss,train_loss_pose,train_mpjpe_body,train_pelvis_err,train_mpjpe_weighted,val_loss,val_loss_pose,val_mpjpe_body,val_pelvis_err,val_mpjpe_weighted,epoch_time
1,3.3333333333333335e-05,3.3333333333333335e-05,0.2036127669004189,0.14649610182693898,352.5257989111545,411.36658223147936,371.9432574068615,0.09376092205684637,0.09376092205684637,241.33380136156254,260.93060664417374,247.80074710482415,2407.2804667949677
2,6.666666666666667e-05,6.666666666666667e-05,0.12842347946647906,0.09028242912292103,227.2104471507444,273.023658030089,242.32880674092823,0.07355012046341729,0.07355012046341729,191.2120560575883,273.1728125688394,218.25910570630106,2410.9586482048035
