epoch,lr_backbone,lr_head,train_loss,train_loss_pose,train_mpjpe_body,train_pelvis_err,train_mpjpe_weighted,val_loss,val_loss_pose,val_mpjpe_body,val_pelvis_err,val_mpjpe_weighted,epoch_time
1,3.3333333333333335e-05,3.3333333333333335e-05,0.2036127669004189,0.14649610182693898,352.5257989111545,411.36658223147936,371.9432574068615,0.09376092205684637,0.09376092205684637,241.33380136156254,260.93060664417374,247.80074710482415,2407.2804667949677
2,6.666666666666667e-05,6.666666666666667e-05,0.12842347946647906,0.09028242912292103,227.2104471507444,273.023658030089,242.32880674092823,0.07355012046341729,0.07355012046341729,191.2120560575883,273.1728125688394,218.25910570630106,2410.9586482048035
3,0.0001,0.0001,0.1064487422820584,0.07552199559009022,195.70909697983822,228.43206274456583,206.50767568219825,0.06587695842215609,0.06587695842215609,174.0972502355265,202.64925954885447,183.51941330892453,2438.718472957611
4,0.0001,0.0001,0.08752134120524722,0.06690090301106291,177.56170907965787,167.0292032518441,174.0859821564792,0.06254335766067264,0.06254335766067264,166.9272755161557,204.84243572635444,179.43927838552125,2456.2649760246277
5,9.91486549841951e-05,9.91486549841951e-05,0.07543959422597332,0.059878851645086446,162.51712625127868,135.13351580068385,153.48053480258218,0.055291815815927105,0.055291815815927105,150.53644010500108,190.34156674614,163.67213189657699,2438.71604681015
