epoch,lr_backbone,lr_head,train_loss,train_loss_pose,train_mpjpe_body,train_pelvis_err,train_mpjpe_weighted,val_loss,val_loss_pose,val_mpjpe_body,val_pelvis_err,val_mpjpe_weighted,epoch_time
1,3.3333333333333335e-05,3.3333333333333335e-05,0.17372402599278397,0.1234094079034173,294.99050084815286,362.6861714755077,317.3300721551804,0.0772343929834547,0.0772343929834547,197.84931605284982,256.1340451073733,217.0832766408423,2329.441790342331
2,6.666666666666667e-05,6.666666666666667e-05,0.12027288451224584,0.08173892739983281,208.73521233933724,273.0969150632601,229.9745742382317,0.06654446603521363,0.06654446603521363,176.30229748402633,246.63956222258085,199.51359484774954,2361.807041168213
3,0.0001,0.0001,0.10035217322168508,0.07021717861426865,184.57597902381323,216.7882494548969,195.20602826607066,0.061982999170430465,0.061982999170430465,166.3149760744396,201.70216558753222,177.99274861376023,2352.434891939163
