epoch,lr_backbone,lr_head,train_loss,train_loss_pose,train_mpjpe_body,train_pelvis_err,train_mpjpe_weighted,val_loss,val_loss_pose,val_mpjpe_body,val_pelvis_err,val_mpjpe_weighted,epoch_time
1,3.3333333333333335e-05,3.3333333333333335e-05,0.18821282636673864,0.13229152774455957,313.798904563899,381.29662611939017,336.0731526772116,0.0783373521701562,0.0783373521701562,200.4161825789761,260.2509727017871,220.1616633195036,7286.662315130234
