epoch,lr_backbone,lr_head,train_loss,train_loss_pose,train_mpjpe_body,train_pelvis_err,train_mpjpe_weighted,val_loss,val_loss_pose,val_mpjpe_body,val_pelvis_err,val_mpjpe_weighted,epoch_time
1,3.3333333333333335e-05,3.3333333333333335e-05,0.1729073521927084,0.12124364236116107,291.12700068912903,371.1463615316013,317.53338976714457,0.07778351767431266,0.07778351767431266,200.09572039007134,316.8699862177611,238.631228113209,2283.6201128959656
2,6.666666666666667e-05,6.666666666666667e-05,0.11744778676924636,0.0801582469677457,205.49613979694735,265.36815039820124,225.2539032953619,0.07109504999464829,0.07109504999464829,183.19203215485172,222.252876369168,196.08211074557622,2286.4266550540924
3,0.0001,0.0001,0.09817804834505212,0.06975188547482289,183.47481571170934,211.20546461012336,192.62592984818585,0.0614861406237606,0.0614861406237606,164.98872244343684,209.49920878393084,179.67718293579995,2282.9929735660553
4,0.0001,0.0001,0.0793236987317303,0.0585588998998208,159.53609574301626,168.74114401964087,162.57376167430232,0.05504142818579268,0.05504142818579268,149.93794384853976,230.6854412138678,176.58461797909797,2292.2081501483917
5,9.91486549841951e-05,9.91486549841951e-05,0.06555403226855588,0.04893366585499203,138.64852648222274,142.55831461997633,139.93875656768142,0.05045455249994813,0.05045455249994813,140.16850377854738,191.352170562284,157.05911381718042,2309.9276292324066
6,9.662361147021779e-05,9.662361147021779e-05,0.06083945511587252,0.045708494423696934,131.52632001474583,136.06714853355595,133.02479342595302,0.045605361004403835,0.045605361004403835,128.73514992652957,205.4822797993843,154.06170278457168,3276.7495074272156
7,9.251085678648072e-05,9.251085678648072e-05,0.050552443711487004,0.039732557008346096,118.33289051599485,104.5318350221176,113.77854220301515,0.04493751483593042,0.04493751483593042,127.30787283663871,175.57267095153955,143.23525621455602,3304.257431745529
