epoch,lr_backbone,lr_head,train_loss,train_loss_pose,train_mpjpe_body,train_pelvis_err,train_mpjpe_weighted,val_loss,val_loss_pose,val_mpjpe_body,val_pelvis_err,val_mpjpe_weighted,epoch_time
1,3.3333333333333335e-05,3.3333333333333335e-05,0.1729073521927084,0.12124364236116107,291.12700068912903,371.1463615316013,317.53338976714457,0.07778351767431266,0.07778351767431266,200.09572039007134,316.8699862177611,238.631228113209,2283.6201128959656
2,6.666666666666667e-05,6.666666666666667e-05,0.11744778676924636,0.0801582469677457,205.49613979694735,265.36815039820124,225.2539032953619,0.07109504999464829,0.07109504999464829,183.19203215485172,222.252876369168,196.08211074557622,2286.4266550540924
