epoch,lr_backbone,lr_head,train_loss,train_loss_pose,train_mpjpe_body,train_pelvis_err,train_mpjpe_weighted,val_loss,val_loss_pose,val_mpjpe_body,val_pelvis_err,val_mpjpe_weighted,epoch_time
1,3.3333333333333333e-06,3.3333333333333335e-05,0.17997899939830428,0.12763274436966388,303.52622566440573,369.856996030125,325.41537988509293,0.07775468752686883,0.07775468752686883,198.34006404531593,284.3280517799,226.71609999772863,3330.091952085495
2,6.666666666666667e-06,6.666666666666667e-05,0.12333960764633847,0.08272955485721643,210.8203996751337,288.15118965791555,236.3395603694514,0.07214252029256885,0.07214252029256885,187.5071421532349,269.9843170570953,214.72460987150882,3337.6170361042023
3,1e-05,0.0001,0.1070852020567848,0.07285746241942699,189.86504522979524,244.69351111732757,207.9584389726809,0.06674107553300294,0.06674107553300294,176.11551832836415,264.53851840406907,205.2951083533468,3372.180737018585
4,1e-05,0.0001,0.09703575345045257,0.06707251640514454,177.57424398643295,214.0246688668829,189.60288419698122,0.06228049437148076,0.06228049437148076,166.60114061933086,218.84631975539776,183.84204973423292,3329.521090745926
5,9.91486549841951e-06,9.91486549841951e-05,0.08591306051492993,0.06065001033430541,163.91721295193074,183.30381995715092,170.3147932636532,0.05794292034309434,0.05794292034309434,156.6762271876502,213.39702957990806,175.39409197709534,3335.940765619278
6,9.66236114702178e-06,9.662361147021779e-05,0.07638433275294877,0.05486617660818786,151.25241275374236,163.51430886179833,155.29883846940083,0.058119841324405876,0.058119841324405876,156.38468786775707,204.97619133547792,172.41988401210503,3339.2653889656067
