epoch,lr_backbone,lr_head,train_loss,train_loss_pose,train_mpjpe_body,train_pelvis_err,train_mpjpe_weighted,val_loss,val_loss_pose,val_mpjpe_body,val_pelvis_err,val_mpjpe_weighted,epoch_time
1,3.3333333333333333e-06,3.3333333333333335e-05,0.17997899939830428,0.12763274436966388,303.52622566440573,369.856996030125,325.41537988509293,0.07775468752686883,0.07775468752686883,198.34006404531593,284.3280517799,226.71609999772863,3330.091952085495
2,6.666666666666667e-06,6.666666666666667e-05,0.12333960764633847,0.08272955485721643,210.8203996751337,288.15118965791555,236.3395603694514,0.07214252029256885,0.07214252029256885,187.5071421532349,269.9843170570953,214.72460987150882,3337.6170361042023
3,1e-05,0.0001,0.1070852020567848,0.07285746241942699,189.86504522979524,244.69351111732757,207.9584389726809,0.06674107553300294,0.06674107553300294,176.11551832836415,264.53851840406907,205.2951083533468,3372.180737018585
4,1e-05,0.0001,0.09703575345045257,0.06707251640514454,177.57424398643295,214.0246688668829,189.60288419698122,0.06228049437148076,0.06228049437148076,166.60114061933086,218.84631975539776,183.84204973423292,3329.521090745926
