epoch,lr_backbone,lr_head,train_loss,train_loss_pose,train_mpjpe_body,train_pelvis_err,train_mpjpe_weighted,val_loss,val_loss_pose,val_mpjpe_body,val_pelvis_err,val_mpjpe_weighted,epoch_time
1,3.3333333333333333e-06,3.3333333333333335e-05,0.17997899939830428,0.12763274436966388,303.52622566440573,369.856996030125,325.41537988509293,0.07775468752686883,0.07775468752686883,198.34006404531593,284.3280517799,226.71609999772863,3330.091952085495
2,6.666666666666667e-06,6.666666666666667e-05,0.12333960764633847,0.08272955485721643,210.8203996751337,288.15118965791555,236.3395603694514,0.07214252029256885,0.07214252029256885,187.5071421532349,269.9843170570953,214.72460987150882,3337.6170361042023
