epoch,lr_backbone,lr_head,train_loss,train_loss_pose,train_mpjpe_body,train_pelvis_err,train_mpjpe_weighted,val_loss,val_loss_pose,val_mpjpe_body,val_pelvis_err,val_mpjpe_weighted,epoch_time
1,3.3333333333333335e-05,3.3333333333333335e-05,0.1729977909355242,0.12099162969523551,290.1729385346986,374.1273594832707,317.8778974477269,0.08008963429561139,0.08008963429561139,204.39688872370704,275.9238724518743,228.00079335400216,2379.3487236499786
2,6.666666666666667e-05,6.666666666666667e-05,0.12068491021880173,0.08112960465917714,207.5857494081252,281.83166290824363,232.0869008631638,0.0699657264858736,0.0699657264858736,182.00390812743845,263.6122049531833,208.93464607993414,2382.3741660118103
3,0.0001,0.0001,0.10153174836087106,0.07098397526222365,185.90117964644912,220.04512567260434,197.16868183508043,0.0629944394941389,0.0629944394941389,168.19118322135455,260.303687948082,198.58830978117422,2386.0470340251923
