epoch,lr_backbone,lr_head,train_loss,train_loss_pose,train_mpjpe_body,train_pelvis_err,train_mpjpe_weighted,val_loss,val_loss_pose,val_mpjpe_body,val_pelvis_err,val_mpjpe_weighted,epoch_time
1,3.3333333333333333e-06,3.3333333333333335e-05,0.20590770965591876,0.12613501553580003,300.94158507450385,463.32381750376186,354.52772177615935,0.07553500562807404,0.07553500562807404,194.8045362833757,268.95335526690695,219.27364654794127,3739.3996291160583
2,6.666666666666667e-06,6.666666666666667e-05,0.15142140408684138,0.08460759486179702,214.7507463664175,388.90872885261325,272.2228805868619,0.07092102456599726,0.07092102456599726,185.7693852975659,252.4376614942194,207.76991644246144,3743.5779824256897
3,1e-05,0.0001,0.13687087232606784,0.07421415570257509,192.94992878619743,357.51896009874014,247.25770911933654,0.06655979215361817,0.06655979215361817,175.4255865117753,258.93109735505,202.9824050900556,3768.6073150634766
