epoch,lr_backbone,lr_head,train_loss,train_loss_pose,train_mpjpe_body,train_pelvis_err,train_mpjpe_weighted,val_loss,val_loss_pose,val_mpjpe_body,val_pelvis_err,val_mpjpe_weighted,epoch_time
1,3.3333333333333335e-05,3.3333333333333335e-05,0.27392272501145837,0.21526241221331283,334.5693104933001,395.82500754435506,354.7836905201478,0.07355515979706738,0.07355515979706738,191.74163929717244,273.3301437088031,218.66584575301027,3076.4822523593903
