epoch,lr_backbone,lr_head,train_loss,train_loss_pose,train_mpjpe_body,train_pelvis_err,train_mpjpe_weighted,val_loss,val_loss_pose,val_mpjpe_body,val_pelvis_err,val_mpjpe_weighted,epoch_time
1,3.3333333333333335e-05,3.3333333333333335e-05,0.27392272501145837,0.21526241221331283,334.5693104933001,395.82500754435506,354.7836905201478,0.07355515979706738,0.07355515979706738,191.74163929717244,273.3301437088031,218.66584575301027,3135.5953843593597
2,6.666666666666667e-05,6.666666666666667e-05,0.18041020165126184,0.13729914131988974,228.2664536711081,300.029517861693,251.9482648540011,0.07465298348460324,0.07465298348460324,194.02281511994696,233.3569193196958,207.00306950586415,3154.1677737236023
