epoch,lr_backbone,lr_head,train_loss,train_loss_pose,train_mpjpe_body,train_pelvis_err,train_mpjpe_weighted,val_loss,val_loss_pose,val_mpjpe_body,val_pelvis_err,val_mpjpe_weighted,epoch_time
1,3.3333333333333335e-05,3.3333333333333335e-05,0.27392272501145837,0.21526241221331283,334.5693104933001,395.82500754435506,354.7836905201478,0.07355515979706738,0.07355515979706738,191.74163929717244,273.3301437088031,218.66584575301027,3135.5953843593597
2,6.666666666666667e-05,6.666666666666667e-05,0.18041020165126184,0.13729914131988974,228.2664536711081,300.029517861693,251.9482648540011,0.07465298348460324,0.07465298348460324,194.02281511994696,233.3569193196958,207.00306950586415,3154.1677737236023
3,0.0001,0.0001,0.14948141107723786,0.11688962179584697,199.71875878902384,235.749449625432,211.60888676503816,0.06342308418050102,0.06342308418050102,170.7122501331877,206.24373471176094,182.43764004411685,3126.857739686966
4,0.0001,0.0001,0.11742753381448656,0.09218479163279407,166.60486639987977,193.1853957076553,175.37644107144564,0.05369863384465077,0.05369863384465077,147.26785071249893,206.18793303486234,166.71147787887858,3126.7520728111267
