epoch,lr_backbone,lr_head,train_loss,train_loss_pose,train_mpjpe_body,train_pelvis_err,train_mpjpe_weighted,val_loss,val_loss_pose,val_mpjpe_body,val_pelvis_err,val_mpjpe_weighted,epoch_time
1,3.3333333333333335e-05,3.3333333333333335e-05,0.17334736708582316,0.12580450935651413,300.43097192475585,330.15414918654324,310.23962042114584,0.07721566695346979,0.07721566695346979,198.73128168085373,281.4209769033839,226.0188811042886,2324.4251115322113
2,6.666666666666667e-05,6.666666666666667e-05,0.1168305585473455,0.08016466692873313,205.4073994439036,260.3280606309095,223.53121763561592,0.07195161169999255,0.07195161169999255,187.12997651876674,248.42899186763603,207.35865158389396,2351.1553902626038
3,0.0001,0.0001,0.09661717736943753,0.06871983244014813,181.3061223769958,211.243666162666,191.18551182626703,0.05834085035246805,0.05834085035246805,157.96401959132803,225.89236672450895,180.3803741452777,2364.4726836681366
