epoch,lr_backbone,lr_head,train_loss,train_loss_pose,train_mpjpe_body,train_pelvis_err,train_mpjpe_weighted,val_loss,val_loss_pose,val_mpjpe_body,val_pelvis_err,val_mpjpe_weighted,epoch_time
1,3.3333333333333335e-05,3.3333333333333335e-05,0.17337595107077494,0.12166980377494571,291.89360027059564,372.57123545863493,318.5172198826482,0.07341336731240602,0.07341336731240602,190.89975260882957,280.20629312448534,220.3709109789962,2342.595639705658
2,6.666666666666667e-05,6.666666666666667e-05,0.11753920578009121,0.08025072136347697,205.72943498878408,265.7939143214066,225.55071316854972,0.06956210768409747,0.06956210768409747,182.043842007369,238.96719414650028,200.8285482132823,2375.030502319336
3,0.0001,0.0001,0.09745304643201858,0.06906807782190974,181.93982380534214,210.44145917741463,191.345363478126,0.06298867168648684,0.06298867168648684,169.43312487815055,230.7277218366561,189.66034187445726,2368.616977930069
