epoch,lr_backbone,lr_head,train_loss,train_loss_pose,train_mpjpe_body,train_pelvis_err,train_mpjpe_weighted,val_loss,val_loss_pose,val_mpjpe_body,val_pelvis_err,val_mpjpe_weighted,epoch_time
1,3.3333333333333335e-05,3.3333333333333335e-05,0.1973534431768566,0.13948366855653951,327.9012922561191,401.94029261448327,352.3341623743789,0.07323861085956937,0.07323861085956937,190.55326622386605,298.95139939477275,226.32465017026522,2298.43262219429
