epoch,lr_backbone,lr_head,train_loss,train_loss_pose,train_mpjpe_body,train_pelvis_err,train_mpjpe_weighted,val_loss,val_loss_pose,val_mpjpe_body,val_pelvis_err,val_mpjpe_weighted,epoch_time
1,3.3333333333333335e-05,3.3333333333333335e-05,0.1973534431768566,0.13948366855653951,327.9012922561191,401.94029261448327,352.3341623743789,0.07323861085956937,0.07323861085956937,190.55326622386605,298.95139939477275,226.32465017026522,2298.43262219429
2,6.666666666666667e-05,6.666666666666667e-05,0.13007887737840848,0.08950671524120857,224.77361882737046,282.65732202415154,243.87524088230822,0.06846267663265956,0.06846267663265956,179.22546282723386,248.92260011228922,202.2255181313021,2307.3783719539642
3,0.0001,0.0001,0.11001536319477034,0.07673727119125619,198.2663826824669,238.45126032572597,211.52739230474268,0.06484295547107376,0.06484295547107376,173.16352784417938,209.24995139367041,185.0720476155116,2341.3184912204742
4,0.0001,0.0001,0.0891189335540475,0.06528473226441998,174.108915042696,183.94529618546508,177.35492081980945,0.05966273093971326,0.05966273093971326,161.01310410631868,209.68664951117393,177.0753740899212,2349.1691715717316
5,9.91486549841951e-05,9.91486549841951e-05,0.07329457073677106,0.0550217053170556,152.09812758133486,150.94772033981315,151.71849319163226,0.05010297033818949,0.05010297033818949,139.641981536718,202.34330531397543,160.33341838321303,2341.738495826721
