epoch,lr_backbone,lr_head,train_loss,train_loss_pose,train_mpjpe_body,train_pelvis_err,train_mpjpe_weighted,val_loss,val_loss_pose,val_mpjpe_body,val_pelvis_err,val_mpjpe_weighted,epoch_time
1,3.3333333333333335e-05,3.3333333333333335e-05,0.1923429950920746,0.13647827381023958,321.60330432121174,390.3261584377953,344.2818461796844,0.0756645694361557,0.0756645694361557,194.22642712196193,285.24362469294675,224.26210232038696,2357.3424406051636
2,6.666666666666667e-05,6.666666666666667e-05,0.12517514194941656,0.0874546810824181,220.43158718541576,264.64629663101397,235.02244130246348,0.0684774338174499,0.0684774338174499,178.52887730431644,233.26438109118342,196.5915935539826,2349.695736169815
