epoch,lr_backbone,lr_head,train_loss,train_loss_pose,train_mpjpe_body,train_pelvis_err,train_mpjpe_weighted,val_loss,val_loss_pose,val_mpjpe_body,val_pelvis_err,val_mpjpe_weighted,epoch_time
1,3.3333333333333335e-05,3.3333333333333335e-05,0.19242868362498328,0.13595367759522795,321.3346675222927,384.0491426841151,342.03044432569357,0.07795447712388918,0.07795447712388918,202.21778577889694,273.5492114997744,225.7571562667865,3130.515634059906
2,6.666666666666667e-05,6.666666666666667e-05,0.12974003121077524,0.0875555947187054,220.76498141539406,295.8764866786036,245.55177815225343,0.06730433884194734,0.06730433884194734,177.40790946233403,242.66869997086658,198.94397033014985,3074.6340012550354
3,0.0001,0.0001,0.10644604238322296,0.07359435093636903,191.70815169350718,236.49882482682096,206.48907382750082,0.06394316870112543,0.06394316870112543,170.0528436161497,215.45379436663177,185.03515736380868,3077.9029245376587
