epoch,lr_backbone,lr_head,train_loss,train_loss_pose,train_mpjpe_body,train_pelvis_err,train_mpjpe_weighted,val_loss,val_loss_pose,val_mpjpe_body,val_pelvis_err,val_mpjpe_weighted,epoch_time
1,3.3333333333333335e-05,3.3333333333333335e-05,0.19242868362498328,0.13595367759522795,321.3346675222927,384.0491426841151,342.03044432569357,0.07795447712388918,0.07795447712388918,202.21778577889694,273.5492114997744,225.7571562667865,3130.515634059906
