epoch,lr_backbone,lr_head,train_loss,train_loss_pose,train_loss_depth,train_loss_uv,train_mpjpe_body,val_loss,val_loss_pose,val_loss_depth,val_loss_uv,val_mpjpe_all,val_mpjpe_body,val_mpjpe_hand,epoch_time
1,3.3333333333333333e-06,3.3333333333333335e-05,5.069411277770996,0.5504597425460815,3.942553758621216,0.5763976573944092,1158.1368408203125,2.5421543270349503,0.5495452284812927,1.521955966949463,0.47065313160419464,1157.9341430664062,1170.8617553710938,1128.8296508789062,30.131202697753906
