epoch,lr_backbone,lr_head,train_loss,train_loss_pose,train_mpjpe_body,train_pelvis_err,train_mpjpe_weighted,val_loss,val_loss_pose,val_mpjpe_body,val_pelvis_err,val_mpjpe_weighted,epoch_time
1,3.3333333333333335e-05,3.3333333333333335e-05,0.3591059621675925,0.2834208057680184,456.83442683156494,477.05026801739257,463.5056544228872,0.08927633067361553,0.08927633067361553,222.9910042536129,292.2777015446754,245.8556143596636,3175.4222540855408
2,6.666666666666667e-05,6.666666666666667e-05,0.23455208552230983,0.18031700695802924,305.0562374025602,354.12061749024053,321.24748283149506,0.09905721078232488,0.09905721078232488,247.0551432942021,294.91018128711437,262.84730583186337,3170.5643978118896
3,0.0001,0.0001,0.18394939029062,0.14150062782372608,242.8077105376598,290.45553100373337,258.5314912914637,0.08463861603644846,0.08463861603644846,214.00631700982805,238.0797168515416,221.95053895759358,3176.94295835495
4,0.0001,0.0001,0.151966082881794,0.1182772094234022,207.09576522314978,237.8002913307736,217.2282588386653,0.07591430817486941,0.07591430817486941,193.22227752280608,227.39939394906003,204.50072594346997,3176.882371902466
5,9.91486549841951e-05,9.91486549841951e-05,0.12618443569931673,0.10001593501442138,179.98694212456306,197.40323385488693,185.73431839557006,0.05896898573747554,0.05896898573747554,160.6326009982745,190.57465469995367,170.51347871982878,3181.1514518260956
