epoch,lr_backbone,lr_head,train_loss,train_loss_pose,train_mpjpe_body,train_pelvis_err,train_mpjpe_weighted,val_loss,val_loss_pose,val_mpjpe_body,val_pelvis_err,val_mpjpe_weighted,epoch_time
1,3.3333333333333333e-06,3.3333333333333335e-05,0.17859682405840527,0.12441463777919295,297.6889326350458,387.04112090967817,327.1751547656743,0.07940787329946267,0.07940787329946267,203.65929510394972,291.2186043972848,232.55386717075015,3292.71452832222
2,6.666666666666667e-06,6.666666666666667e-05,0.12205006453510023,0.08210464662024687,209.6710751263532,284.1640578856417,234.2537594369184,0.07007138594643486,0.07007138594643486,183.3544639062824,333.0690685589725,232.7602834416698,3312.3116743564606
3,1e-05,0.0001,0.10690357673151196,0.07278552156430095,189.7601671176594,241.86714575817646,206.95547006903007,0.06636859358943306,0.06636859358943306,174.45537468665185,226.19882902046453,191.53071461681003,3351.09263420105
4,1e-05,0.0001,0.09371537070407605,0.06638260131927137,176.06835430162175,194.52110508682608,182.15776206073915,0.061683293798235124,0.061683293798235124,165.18457206109466,205.69826485825965,178.55409068415923,3305.714193344116
5,9.91486549841951e-06,9.91486549841951e-05,0.08110763094351969,0.058874551769513506,160.1386801131999,161.47533354176383,160.57977574462618,0.05949661100173169,0.05949661100173169,160.4456433709194,171.98444318138647,164.25344730837352,3291.1106729507446
6,9.66236114702178e-06,9.662361147021779e-05,0.0706094421937052,0.053271486330128605,147.8693658201811,131.5011625428831,142.46785873867293,0.055252719480674645,0.055252719480674645,150.35860370870665,165.17006203176317,155.2463849553154,3354.862113237381
