epoch,lr_backbone,lr_head,train_loss,train_loss_pose,train_mpjpe_body,train_pelvis_err,train_mpjpe_weighted,val_loss,val_loss_pose,val_mpjpe_body,val_pelvis_err,val_mpjpe_weighted,epoch_time
1,3.3333333333333333e-06,3.3333333333333335e-05,0.17859682405840527,0.12441463777919295,297.6889326350458,387.04112090967817,327.1751547656743,0.07940787329946267,0.07940787329946267,203.65929510394972,291.2186043972848,232.55386717075015,3292.71452832222
