epoch,lr_backbone,lr_head,train_loss,train_loss_pose,train_mpjpe_body,train_pelvis_err,train_mpjpe_weighted,val_loss,val_loss_pose,val_mpjpe_body,val_pelvis_err,val_mpjpe_weighted,epoch_time
1,3.3333333333333335e-05,3.3333333333333335e-05,0.15469244077207167,0.10744672782006635,264.00163075771417,354.44247294952027,293.84710868100996,0.07076775304865277,0.07076775304865277,184.8045246046041,288.0482043000556,218.87493890410298,2322.4896626472473
2,6.666666666666667e-05,6.666666666666667e-05,0.10563851904036728,0.07384606716686068,192.3207541110019,232.92220143082022,205.7192317265417,0.06600390629454171,0.06600390629454171,172.73680165363308,209.967793445104,185.02302894481844,2320.368412733078
