epoch,lr_backbone,lr_head,train_loss,train_loss_pose,train_mpjpe_body,train_pelvis_err,train_mpjpe_weighted,val_loss,val_loss_pose,val_mpjpe_body,val_pelvis_err,val_mpjpe_weighted,epoch_time
1,3.3333333333333335e-05,3.3333333333333335e-05,0.15469244077207167,0.10744672782006635,264.00163075771417,354.44247294952027,293.84710868100996,0.07076775304865277,0.07076775304865277,184.8045246046041,288.0482043000556,218.87493890410298,2322.4896626472473
2,6.666666666666667e-05,6.666666666666667e-05,0.10563851904036728,0.07384606716686068,192.3207541110019,232.92220143082022,205.7192317265417,0.06600390629454171,0.06600390629454171,172.73680165363308,209.967793445104,185.02302894481844,2320.368412733078
3,0.0001,0.0001,0.0882762464104271,0.06517490620257131,173.68572514384815,180.73719930377015,176.01271161662197,0.057897783869785335,0.057897783869785335,156.67410828667468,207.0677932536789,173.304024325786,2320.959820985794
4,0.0001,0.0001,0.07143725660063935,0.05391630521038237,149.38437407616198,145.91009611838825,148.23786235009683,0.049729818869179925,0.049729818869179925,137.8684102600245,202.8308049973878,159.30600052335427,2332.7860474586487
5,9.91486549841951e-05,9.91486549841951e-05,0.05849157155805785,0.044853881061633905,129.4442522557496,121.37518258605145,126.78145926474933,0.04884365123929175,0.04884365123929175,136.8123518112054,183.79295626825532,152.31595128203173,2349.047456741333
