epoch,lr_backbone,lr_head,train_loss,train_loss_pose,train_mpjpe_body,train_pelvis_err,train_mpjpe_weighted,val_loss,val_loss_pose,val_mpjpe_body,val_pelvis_err,val_mpjpe_weighted,epoch_time
1,3.3333333333333333e-06,3.3333333333333335e-05,0.2073327990849234,0.12704092775193704,302.79652385458,467.8622509290177,357.2682137891442,0.07714918644063004,0.07714918644063004,198.16172752794512,296.26448779687087,230.5356384166906,3441.585567712784
2,6.666666666666667e-06,6.666666666666667e-05,0.15057298223511037,0.08313612609941269,211.67191734579714,388.2323230552553,269.9368512299185,0.0682073023925177,0.0682073023925177,179.9933193377045,269.57486298288455,209.55522874061379,3423.396529197693
3,1e-05,0.0001,0.13968624762053578,0.07504163984447586,194.71398902588663,368.0803504542809,251.92488829725644,0.06730828257401185,0.06730828257401185,177.9836759026577,248.89393501603848,201.38406141007346,3412.271108150482
4,1e-05,0.0001,0.1306132261698536,0.07011268493625618,184.08888214188636,344.15087491519245,236.9093397570776,0.06830759227401673,0.06830759227401673,177.28746179964918,234.6804367221883,196.22714352408687,3407.6858716011047
5,9.91486549841951e-06,9.91486549841951e-05,0.12130524195433418,0.06542882771054878,173.95260098283995,314.9457784583857,220.48034954977,0.06060606998754317,0.06060606998754317,162.62804703200538,231.75514917638247,185.43999073964972,3407.1972897052765
6,9.66236114702178e-06,9.662361147021779e-05,0.11492367545785671,0.060738546383331815,163.97565916325942,301.3554536023421,209.31099132815677,0.05879329710601142,0.05879329710601142,157.37591054384902,256.6522468709543,190.13710153179375,3410.8116521835327
7,9.251085678648072e-06,9.251085678648072e-05,0.10664373348178631,0.055665307899464,152.95599958094863,281.3831044004415,195.33694417138088,0.05718067543641793,0.05718067543641793,155.3605631654599,284.5906746223551,198.00649994623535,3412.3936500549316
8,8.695044586103297e-06,8.695044586103296e-05,0.10040855720790222,0.05155816682961789,143.97474592618357,271.56547094614467,186.07968518277067,0.05466450155073433,0.05466450155073433,149.36308182738227,250.18722150639258,182.6350479214555,3407.8807175159454
9,8.013173181896283e-06,8.013173181896283e-05,0.09394274183452847,0.04798348811988856,136.10174366308965,256.1006053298844,175.70136801313197,0.05140268147908448,0.05140268147908448,142.23046804135902,260.3911712586664,181.2235001030706,3418.5788724422455
