epoch,lr_backbone,lr_head,train_loss,train_loss_pose,train_mpjpe_body,train_pelvis_err,train_mpjpe_weighted,val_loss,val_loss_pose,val_mpjpe_body,val_pelvis_err,val_mpjpe_weighted,epoch_time
1,3.3333333333333333e-06,3.3333333333333335e-05,0.2073327990849234,0.12704092775193704,302.79652385458,467.8622509290177,357.2682137891442,0.07714918644063004,0.07714918644063004,198.16172752794512,296.26448779687087,230.5356384166906,3441.585567712784
2,6.666666666666667e-06,6.666666666666667e-05,0.15057298223511037,0.08313612609941269,211.67191734579714,388.2323230552553,269.9368512299185,0.0682073023925177,0.0682073023925177,179.9933193377045,269.57486298288455,209.55522874061379,3423.396529197693
