epoch,lr_backbone,lr_head,train_loss,train_loss_pose,train_mpjpe_body,train_pelvis_err,train_mpjpe_weighted,val_loss,val_loss_pose,val_mpjpe_body,val_pelvis_err,val_mpjpe_weighted,epoch_time
1,3.3333333333333333e-06,3.3333333333333335e-05,0.2073327990849234,0.12704092775193704,302.79652385458,467.8622509290177,357.2682137891442,0.07714918644063004,0.07714918644063004,198.16172752794512,296.26448779687087,230.5356384166906,3441.585567712784
2,6.666666666666667e-06,6.666666666666667e-05,0.15057298223511037,0.08313612609941269,211.67191734579714,388.2323230552553,269.9368512299185,0.0682073023925177,0.0682073023925177,179.9933193377045,269.57486298288455,209.55522874061379,3423.396529197693
3,1e-05,0.0001,0.13968624762053578,0.07504163984447586,194.71398902588663,368.0803504542809,251.92488829725644,0.06730828257401185,0.06730828257401185,177.9836759026577,248.89393501603848,201.38406141007346,3412.271108150482
4,1e-05,0.0001,0.1306132261698536,0.07011268493625618,184.08888214188636,344.15087491519245,236.9093397570776,0.06830759227401673,0.06830759227401673,177.28746179964918,234.6804367221883,196.22714352408687,3407.6858716011047
5,9.91486549841951e-06,9.91486549841951e-05,0.12130524195433418,0.06542882771054878,173.95260098283995,314.9457784583857,220.48034954977,0.06060606998754317,0.06060606998754317,162.62804703200538,231.75514917638247,185.43999073964972,3407.1972897052765
