epoch,lr_backbone,lr_head,train_loss,train_loss_pose,train_mpjpe_body,train_pelvis_err,train_mpjpe_weighted,val_loss,val_loss_pose,val_mpjpe_body,val_pelvis_err,val_mpjpe_weighted,epoch_time
1,3.3333333333333335e-05,3.3333333333333335e-05,0.1801389150647063,0.11898100194229289,286.472998244012,366.8140693505102,312.98555170915625,0.075590853340052,0.075590853340052,195.08881281540965,260.45387362168407,216.65928288148044,2351.7990307807922
2,6.666666666666667e-05,6.666666666666667e-05,0.12049111200613338,0.07865052204284206,202.35680048763186,258.92847347440716,221.02545257326761,0.06667333248153383,0.06667333248153383,175.77521151368956,230.66772339686267,193.8897404351369,2301.1796474456787
3,0.0001,0.0001,0.10048360562752967,0.06874731480556247,181.30995330907183,203.30636389395949,188.56876880208466,0.06380481363034866,0.06380481363034866,171.84085267530563,226.08374449312328,189.74100697518534,2308.7442405223846
4,0.0001,0.0001,0.08131417400658394,0.05716441564752642,156.50532179984057,163.75287290673378,158.89701366511528,0.05565545795568511,0.05565545795568511,151.0157913281633,220.1503926404854,173.83020976122944,2316.5263497829437
5,9.91486549841951e-05,9.91486549841951e-05,0.0677849106924718,0.04830314757855653,137.23697619833774,136.31864891028087,136.93392819327903,0.048825452972621405,0.048825452972621405,136.62141030545115,183.65420703634854,152.14223322664722,2316.26882147789
6,9.662361147021779e-05,9.662361147021779e-05,0.0629645227298301,0.04430953291509633,128.3506825249583,133.4349832951532,130.0285017791224,0.047092716257897876,0.047092716257897876,132.61389420144664,178.8064790111399,147.85744718864547,3318.4065964221954
7,9.251085678648072e-05,9.251085678648072e-05,0.05364443132319995,0.03940653724759874,117.53049608149658,105.22121655329487,113.46843383718996,0.04596898755433872,0.04596898755433872,130.2361451299688,173.1173322215155,144.38693687017908,3340.6538722515106
