epoch,lr_backbone,lr_head,train_loss,train_loss_pose,train_mpjpe_body,train_pelvis_err,train_mpjpe_weighted,val_loss,val_loss_pose,val_mpjpe_body,val_pelvis_err,val_mpjpe_weighted,epoch_time
1,3.3333333333333335e-05,3.3333333333333335e-05,0.1801389150647063,0.11898100194229289,286.472998244012,366.8140693505102,312.98555170915625,0.075590853340052,0.075590853340052,195.08881281540965,260.45387362168407,216.65928288148044,2351.7990307807922
2,6.666666666666667e-05,6.666666666666667e-05,0.12049111200613338,0.07865052204284206,202.35680048763186,258.92847347440716,221.02545257326761,0.06667333248153383,0.06667333248153383,175.77521151368956,230.66772339686267,193.8897404351369,2301.1796474456787
