epoch,lr_backbone,lr_head,train_loss,train_loss_pose,train_mpjpe_body,train_pelvis_err,train_mpjpe_weighted,val_loss,val_loss_pose,val_mpjpe_body,val_pelvis_err,val_mpjpe_weighted,epoch_time
1,3.3333333333333335e-05,3.3333333333333335e-05,0.1801389150647063,0.11898100194229289,286.472998244012,366.8140693505102,312.98555170915625,0.075590853340052,0.075590853340052,195.08881281540965,260.45387362168407,216.65928288148044,2351.7990307807922
