epoch,lr_backbone,lr_head,train_loss,train_loss_pose,train_mpjpe_body,train_pelvis_err,train_mpjpe_weighted,val_loss,val_loss_pose,val_mpjpe_body,val_pelvis_err,val_mpjpe_weighted,epoch_time
1,3.3333333333333335e-05,3.3333333333333335e-05,0.18969011489842194,0.13364015080322564,316.28159743460617,383.16421621369744,338.352861631706,0.0726012992116525,0.0726012992116525,188.2313469678559,266.47801817743283,214.05274846701644,2323.498402118683
2,6.666666666666667e-05,6.666666666666667e-05,0.12533577115872452,0.08528127279451106,216.19165866264746,282.1827110981473,237.9687059663621,0.06653779381110958,0.06653779381110958,175.94017137405524,235.81206053445078,195.69789479698576,2320.6576046943665
