epoch,lr_backbone,lr_head,train_loss,train_loss_pose,train_mpjpe_body,train_pelvis_err,train_mpjpe_weighted,val_loss,val_loss_pose,val_mpjpe_body,val_pelvis_err,val_mpjpe_weighted,epoch_time
1,3.3333333333333335e-05,3.3333333333333335e-05,0.18969011489842194,0.13364015080322564,316.28159743460617,383.16421621369744,338.352861631706,0.0726012992116525,0.0726012992116525,188.2313469678559,266.47801817743283,214.05274846701644,2323.498402118683
2,6.666666666666667e-05,6.666666666666667e-05,0.12533577115872452,0.08528127279451106,216.19165866264746,282.1827110981473,237.9687059663621,0.06653779381110958,0.06653779381110958,175.94017137405524,235.81206053445078,195.69789479698576,2320.6576046943665
3,0.0001,0.0001,0.10525491061968997,0.07340883774101319,191.41683714506067,231.81429689394062,204.74799886219085,0.06318137502416843,0.06318137502416843,168.27383712750148,202.4217324642278,179.54264258862122,2340.3312673568726
4,0.0001,0.0001,0.08704136125625425,0.062491925665666366,168.19052729929754,192.50101259556504,176.21298744706556,0.05310998917461808,0.05310998917461808,145.7053714057361,215.5956045985941,168.76914835937947,2353.7855999469757
5,9.91486549841951e-05,9.91486549841951e-05,0.07176345107608614,0.05227576578041849,146.24935190250332,159.94603160063326,150.76925620288654,0.049852017630048914,0.049852017630048914,138.84715886225314,195.80177760383046,157.64218304697383,2353.013680934906
6,9.662361147021779e-05,9.662361147021779e-05,0.06675209958599367,0.04860314695569176,138.18023742521163,151.13813945294334,142.45634509436258,0.04786511030906432,0.04786511030906432,134.96492241835278,205.45113565148145,158.22537278528515,3359.4175646305084
7,9.251085678648072e-05,9.251085678648072e-05,0.05421988326322436,0.04184313570022432,123.26589729062661,115.09886453180391,120.57077648021493,0.04690339124735683,0.04690339124735683,131.6398891453576,192.8069281192683,151.82501200674812,3374.0327973365784
