epoch,lr_backbone,lr_head,train_loss,train_loss_pose,train_mpjpe_body,train_pelvis_err,train_mpjpe_weighted,val_loss,val_loss_pose,val_mpjpe_body,val_pelvis_err,val_mpjpe_weighted,epoch_time
1,3.3333333333333333e-06,3.3333333333333335e-05,0.17812423484000017,0.12420934702943895,297.3451929460831,386.1162659087613,326.63964702376677,0.0758950545669357,0.0758950545669357,196.12922962957182,296.48990304852566,229.2482518578268,3321.583513021469
2,6.666666666666667e-06,6.666666666666667e-05,0.11988138759000305,0.0813156165715786,207.98396627898455,274.55974128534706,229.9539720310841,0.07235679648079617,0.07235679648079617,186.75102467646212,247.1407421765483,206.67963145149048,3280.5920939445496
3,1e-05,0.0001,0.10390145077763516,0.07234591977025528,188.9177391578911,224.1660819944511,200.54969229395581,0.06505008841066007,0.06505008841066007,172.14916210841787,217.8319489556141,187.22448176799236,3289.9644179344177
