epoch,lr_backbone,lr_head,train_loss,train_loss_pose,train_mpjpe_body,train_pelvis_err,train_mpjpe_weighted,val_loss,val_loss_pose,val_mpjpe_body,val_pelvis_err,val_mpjpe_weighted,epoch_time
1,3.3333333333333333e-06,3.3333333333333335e-05,0.17812423484000017,0.12420934702943895,297.3451929460831,386.1162659087613,326.63964702376677,0.0758950545669357,0.0758950545669357,196.12922962957182,296.48990304852566,229.2482518578268,3321.583513021469
