epoch,lr_backbone,lr_head,train_loss,train_loss_pose,train_mpjpe_body,train_pelvis_err,train_mpjpe_weighted,val_loss,val_loss_pose,val_mpjpe_body,val_pelvis_err,val_mpjpe_weighted,epoch_time
1,3.3333333333333333e-06,3.3333333333333335e-05,0.17366663120720038,0.1226092713393691,293.82393236021363,356.7595042590479,314.59267108682917,0.07426492900635925,0.07426492900635925,191.3622939658539,269.44356661107486,217.12911393877664,3407.481241941452
2,6.666666666666667e-06,6.666666666666667e-05,0.12116589220718464,0.08123125521403615,207.66220997284302,286.75009895020304,233.76121333537216,0.06903387730619875,0.06903387730619875,182.34446923379014,271.26826362471814,211.68932138279646,3468.138386487961
3,1e-05,0.0001,0.10806286556763012,0.07366707089856654,191.68253910579284,245.53471092335252,209.45375580558763,0.06505540706693623,0.06505540706693623,171.92867187021437,260.78236806982244,201.25039161608495,3467.3710956573486
4,1e-05,0.0001,0.09557800563294122,0.06616620442218385,175.77623105185026,210.5393472228192,187.24805938827006,0.06291644976208093,0.06291644976208093,167.6683133013717,228.32787700556443,187.6859693237554,3459.7637915611267
5,9.91486549841951e-06,9.91486549841951e-05,0.08505782332127422,0.05968977850192404,161.8629582642452,183.73052300374064,169.0792546282788,0.059179964440507396,0.059179964440507396,159.96978130271552,208.7305610711957,176.0608386263139,3473.9669713974
