epoch,lr_backbone,lr_head,train_loss,train_loss_pose,train_mpjpe_body,train_pelvis_err,train_mpjpe_weighted,val_loss,val_loss_pose,val_mpjpe_body,val_pelvis_err,val_mpjpe_weighted,epoch_time
1,3.3333333333333333e-06,3.3333333333333335e-05,0.17366663120720038,0.1226092713393691,293.82393236021363,356.7595042590479,314.59267108682917,0.07426492900635925,0.07426492900635925,191.3622939658539,269.44356661107486,217.12911393877664,3407.481241941452
2,6.666666666666667e-06,6.666666666666667e-05,0.12116589220718464,0.08123125521403615,207.66220997284302,286.75009895020304,233.76121333537216,0.06903387730619875,0.06903387730619875,182.34446923379014,271.26826362471814,211.68932138279646,3468.138386487961
