epoch,lr_backbone,lr_head,train_loss,train_loss_pose,train_mpjpe_body,train_pelvis_err,train_mpjpe_weighted,val_loss,val_loss_pose,val_mpjpe_body,val_pelvis_err,val_mpjpe_weighted,epoch_time
1,3.3333333333333335e-05,3.3333333333333335e-05,0.1851239989902718,0.11736576171843141,282.9279133444575,370.12174142713104,311.70187661173964,0.07909669495211291,0.07909669495211291,201.8190628622352,266.7159578877853,223.23503822066678,3084.7256491184235
