epoch,lr_backbone,lr_head,train_loss,train_loss_pose,train_mpjpe_body,train_pelvis_err,train_mpjpe_weighted,val_loss,val_loss_pose,val_mpjpe_body,val_pelvis_err,val_mpjpe_weighted,epoch_time
1,3.3333333333333335e-05,3.3333333333333335e-05,0.1851239989902718,0.11736576171843141,282.9279133444575,370.12174142713104,311.70187661173964,0.07909669495211291,0.07909669495211291,201.8190628622352,266.7159578877853,223.23503822066678,3084.7256491184235
2,6.666666666666667e-05,6.666666666666667e-05,0.12434200530115602,0.08029058329558131,205.8838842680667,275.0720603657796,228.7159823803118,0.06960034002162363,0.06960034002162363,183.70409697013827,229.83086012643554,198.9259288117164,3087.6509108543396
3,0.0001,0.0001,0.1040856503233304,0.07057108577432852,185.09740388567045,220.91974335973063,196.91877591211025,0.060686323279458734,0.060686323279458734,163.04906399201138,211.21066281878905,178.94239160484796,3074.636271238327
4,0.0001,0.0001,0.08559025323904339,0.05932006709386156,161.15516251895608,180.34148307447572,167.4866483022774,0.054683122041312794,0.054683122041312794,149.4968644706993,210.73168135897242,169.7043540438295,3072.9072840213776
5,9.91486549841951e-05,9.91486549841951e-05,0.0741801205562443,0.05164024283716655,144.4786343710418,158.5671229178276,149.12783559148122,0.05041806620576018,0.05041806620576018,139.75185130617444,190.5780740008567,156.52450479541946,3064.238088607788
6,9.662361147021779e-05,9.662361147021779e-05,0.06364782415613522,0.04578121395178842,131.544818324934,134.42071624523933,132.4938646386346,0.048336147854219226,0.048336147854219226,135.5712699706074,194.03210998415514,154.86334717507842,4050.936782836914
7,9.251085678648072e-05,9.251085678648072e-05,0.053904824866013785,0.040249574778482386,119.36252784849799,108.81646675365948,115.88232768720135,0.04528069899802796,0.04528069899802796,127.91656763332169,187.86482394302422,147.69949221552358,4053.9288671016693
8,8.695044586103296e-05,8.695044586103296e-05,0.048689993192749054,0.03723161039665162,112.46563963258923,94.69153219540712,106.6001841783191,0.04427145990409379,0.04427145990409379,125.6170367941494,196.86809443852295,149.1298858167927,4052.777030944824
