epoch,lr_backbone,lr_head,train_loss,train_loss_pose,train_mpjpe_body,train_pelvis_err,train_mpjpe_weighted,val_loss,val_loss_pose,val_mpjpe_body,val_pelvis_err,val_mpjpe_weighted,epoch_time
1,3.3333333333333335e-05,3.3333333333333335e-05,0.1851239989902718,0.11736576171843141,282.9279133444575,370.12174142713104,311.70187661173964,0.07909669495211291,0.07909669495211291,201.8190628622352,266.7159578877853,223.23503822066678,3084.7256491184235
2,6.666666666666667e-05,6.666666666666667e-05,0.12434200530115602,0.08029058329558131,205.8838842680667,275.0720603657796,228.7159823803118,0.06960034002162363,0.06960034002162363,183.70409697013827,229.83086012643554,198.9259288117164,3087.6509108543396
3,0.0001,0.0001,0.1040856503233304,0.07057108577432852,185.09740388567045,220.91974335973063,196.91877591211025,0.060686323279458734,0.060686323279458734,163.04906399201138,211.21066281878905,178.94239160484796,3074.636271238327
4,0.0001,0.0001,0.08559025323904339,0.05932006709386156,161.15516251895608,180.34148307447572,167.4866483022774,0.054683122041312794,0.054683122041312794,149.4968644706993,210.73168135897242,169.7043540438295,3072.9072840213776
