epoch,lr_backbone,lr_head,train_loss,train_loss_pose,train_mpjpe_body,train_pelvis_err,train_mpjpe_weighted,val_loss,val_loss_pose,val_mpjpe_body,val_pelvis_err,val_mpjpe_weighted,epoch_time
1,3.3333333333333335e-05,3.3333333333333335e-05,0.37199107181467234,0.3160807126549092,419.9993453989156,383.3402935653793,407.9018582938481,0.2773611692507247,0.2773611692507247,380.74471416404367,297.5911272092665,353.3040304689672,3074.514016389847
2,6.666666666666667e-05,6.666666666666667e-05,0.28051579650668423,0.2379776550630288,364.8651080237226,294.49993670356656,341.64460148807063,0.21714573677076504,0.21714573677076504,351.451683072043,258.0997104299658,320.6455321001573,3073.161916732788
3,0.0001,0.0001,0.2399258874144412,0.20129513603229926,316.38127179716565,264.47348995100026,299.2517037879309,0.17817417919563874,0.17817417919563874,300.3389874908116,231.83152803437125,277.7315258701858,3081.6652035713196
4,0.0001,0.0001,0.19489814223104673,0.16381460925572428,261.2663652783636,222.7265681483611,248.54823222546267,0.17635610918048208,0.17635610918048208,279.8541849226083,242.946797848323,267.6747471880939,3101.266778945923
5,9.91486549841951e-05,9.91486549841951e-05,0.16194668582076133,0.1379297354209642,222.96892177492398,181.65854569399485,209.33649766821685,0.15864473259114673,0.15864473259114673,257.8678387686772,194.15552281930738,236.84277450538502,3115.6823546886444
6,9.662361147021779e-05,9.662361147021779e-05,0.14780936089590277,0.12843439094321193,203.0422663866832,153.68027676563614,186.7528098117379,0.14845669746794374,0.14845669746794374,247.4803161713125,189.74005448832585,228.42602981592688,3324.841393470764
7,9.251085678648072e-05,9.251085678648072e-05,0.12805709222531,0.11358921644127468,185.24294052945427,122.31637927412308,164.47717531519513,0.13999567018424142,0.13999567018424142,237.1169065284499,161.96680930497706,212.3173744447039,3322.511234998703
8,8.695044586103296e-05,8.695044586103296e-05,0.11764783655459024,0.1054057909825733,172.2864871855549,110.08333076322434,151.759445566186,0.1362672090098999,0.1362672090098999,235.91775720686044,191.23274954438065,221.17170467824226,3319.663852930069
