epoch,lr_backbone,lr_head,train_loss,train_loss_pose,train_mpjpe_body,train_pelvis_err,train_mpjpe_weighted,val_loss,val_loss_pose,val_mpjpe_body,val_pelvis_err,val_mpjpe_weighted,epoch_time
1,3.3333333333333335e-05,3.3333333333333335e-05,0.37199107181467234,0.3160807126549092,419.9993453989156,383.3402935653793,407.9018582938481,0.2773611692507247,0.2773611692507247,380.74471416404367,297.5911272092665,353.3040304689672,3074.514016389847
2,6.666666666666667e-05,6.666666666666667e-05,0.28051579650668423,0.2379776550630288,364.8651080237226,294.49993670356656,341.64460148807063,0.21714573677076504,0.21714573677076504,351.451683072043,258.0997104299658,320.6455321001573,3073.161916732788
3,0.0001,0.0001,0.2399258874144412,0.20129513603229926,316.38127179716565,264.47348995100026,299.2517037879309,0.17817417919563874,0.17817417919563874,300.3389874908116,231.83152803437125,277.7315258701858,3081.6652035713196
4,0.0001,0.0001,0.19489814223104673,0.16381460925572428,261.2663652783636,222.7265681483611,248.54823222546267,0.17635610918048208,0.17635610918048208,279.8541849226083,242.946797848323,267.6747471880939,3101.266778945923
