epoch,lr_backbone,lr_head,train_loss,train_loss_pose,train_mpjpe_body,train_pelvis_err,train_mpjpe_weighted,val_loss,val_loss_pose,val_mpjpe_body,val_pelvis_err,val_mpjpe_weighted,epoch_time
1,3.3333333333333335e-05,3.3333333333333335e-05,0.37199107181467234,0.3160807126549092,419.9993453989156,383.3402935653793,407.9018582938481,0.2773611692507247,0.2773611692507247,380.74471416404367,297.5911272092665,353.3040304689672,3074.514016389847
