epoch,lr_backbone,lr_head,train_loss,train_loss_pose,train_mpjpe_body,train_pelvis_err,train_mpjpe_weighted,val_loss,val_loss_pose,val_mpjpe_body,val_pelvis_err,val_mpjpe_weighted,epoch_time
1,3.3333333333333335e-05,3.3333333333333335e-05,0.17338115072197519,0.12166023460123039,291.99868546353633,371.3355861661403,318.1798626953957,0.07308537611205342,0.07308537611205342,189.9692876928534,257.99205032735165,212.41679936223784,2419.4024016857147
2,6.666666666666667e-05,6.666666666666667e-05,0.1308610938616838,0.09373043733044392,208.72912673998513,263.24300215892055,226.7187056282341,0.06784254084234502,0.06784254084234502,178.56230398254027,252.8205062166773,203.06751071980554,2382.2405977249146
