epoch,lr_backbone,lr_head,train_loss,train_loss_pose,train_mpjpe_body,train_pelvis_err,train_mpjpe_weighted,val_loss,val_loss_pose,val_mpjpe_body,val_pelvis_err,val_mpjpe_weighted,epoch_time
1,3.3333333333333335e-05,3.3333333333333335e-05,0.17338115072197519,0.12166023460123039,291.99868546353633,371.3355861661403,318.1798626953957,0.07308537611205342,0.07308537611205342,189.9692876928534,257.99205032735165,212.41679936223784,2419.4024016857147
2,6.666666666666667e-05,6.666666666666667e-05,0.1308610938616838,0.09373043733044392,208.72912673998513,263.24300215892055,226.7187056282341,0.06784254084234502,0.06784254084234502,178.56230398254027,252.8205062166773,203.06751071980554,2382.2405977249146
3,0.0001,0.0001,0.11102684327248458,0.0814062840340068,183.97205490972362,219.12901506188402,195.5738517599363,0.062065006428104974,0.062065006428104974,167.02701741622354,247.14461888220112,193.4658258999961,2380.428251504898
4,0.0001,0.0001,0.08904828480135193,0.06808194640299578,158.30289813398636,166.9123091332289,161.14400376373612,0.05565540201341861,0.05565540201341861,151.26897636570027,213.88441591987564,171.93207141857812,2386.348703622818
5,9.91486549841951e-05,9.91486549841951e-05,0.0748010962361622,0.0583019040789198,139.16241981743104,141.5280478455131,139.94307706669818,0.05037128529314792,0.05037128529314792,140.73261752433456,182.80064249211256,154.6150657637012,2386.3618137836456
6,9.662361147021779e-05,9.662361147021779e-05,0.06885906604506156,0.05453869202743421,131.6067365244116,126.34366394825719,129.86992257428085,0.04742174463142136,0.04742174463142136,134.11634037031627,191.9305131334735,153.1950173821582,3433.1589715480804
7,9.251085678648072e-05,9.251085678648072e-05,0.05923412642674668,0.048208406390864086,118.84727546155565,105.77301164183758,114.5327684010489,0.045446525653655694,0.045446525653655694,129.12536742114906,181.50029475093606,146.4090934399788,3457.99329161644
