epoch,lr_backbone,lr_head,train_loss,train_loss_pose,train_mpjpe_body,train_pelvis_err,train_mpjpe_weighted,val_loss,val_loss_pose,val_mpjpe_body,val_pelvis_err,val_mpjpe_weighted,epoch_time
1,3.3333333333333333e-06,3.3333333333333335e-05,0.175735857231546,0.12293018684253577,294.56899479388284,380.5984508425016,322.9587152899268,0.07417164793725611,0.07417164793725611,192.63017128460083,269.72479371598894,218.07139668695874,3288.2826952934265
2,6.666666666666667e-06,6.666666666666667e-05,0.12179322524245137,0.08241414667081803,210.32096286843742,280.5455857821097,233.4950884299488,0.07269446575167096,0.07269446575167096,188.5881261883081,332.77130390162637,236.16857483370316,3290.8277723789215
3,1e-05,0.0001,0.107047619610704,0.07335843811397919,191.11078352441962,240.53128072051325,207.4195475991309,0.06701680318653512,0.06701680318653512,176.90110234903628,228.27248036530682,193.85365709440546,3291.6100873947144
