epoch,lr_backbone,lr_head,train_loss,train_loss_pose,train_mpjpe_body,train_pelvis_err,train_mpjpe_weighted,val_loss,val_loss_pose,val_mpjpe_body,val_pelvis_err,val_mpjpe_weighted,epoch_time
1,3.3333333333333333e-06,3.3333333333333335e-05,0.175735857231546,0.12293018684253577,294.56899479388284,380.5984508425016,322.9587152899268,0.07417164793725611,0.07417164793725611,192.63017128460083,269.72479371598894,218.07139668695874,3288.2826952934265
