epoch,lr_backbone,lr_head,train_loss,train_loss_pose,train_mpjpe_body,train_pelvis_err,train_mpjpe_weighted,val_loss,val_loss_pose,val_mpjpe_body,val_pelvis_err,val_mpjpe_weighted,epoch_time
1,3.3333333333333335e-05,3.3333333333333335e-05,0.496505030655574,0.4016851188639737,547.6637036913629,594.811790297196,563.222572271287,0.13970145302744913,0.13970145302744913,329.29222383027485,354.21575674188153,337.5169896911047,3163.6975569725037
2,6.666666666666667e-05,6.666666666666667e-05,0.3254776118373931,0.25842389897540674,370.956247533855,430.6506122253302,390.655387882041,0.1149022987222499,0.1149022987222499,271.33292612552066,249.81748459451305,264.2328304202884,3171.7304487228394
