epoch,lr_backbone,lr_head,train_loss,train_loss_pose,train_mpjpe_body,train_pelvis_err,train_mpjpe_weighted,val_loss,val_loss_pose,val_mpjpe_body,val_pelvis_err,val_mpjpe_weighted,epoch_time
1,3.3333333333333335e-05,3.3333333333333335e-05,0.496505030655574,0.4016851188639737,547.6637036913629,594.811790297196,563.222572271287,0.13970145302744913,0.13970145302744913,329.29222383027485,354.21575674188153,337.5169896911047,3249.4306440353394
