epoch,lr_backbone,lr_head,train_loss,train_loss_pose,train_mpjpe_body,train_pelvis_err,train_mpjpe_weighted,val_loss,val_loss_pose,val_mpjpe_body,val_pelvis_err,val_mpjpe_weighted,epoch_time
1,3.3333333333333335e-05,3.3333333333333335e-05,0.496505030655574,0.4016851188639737,547.6637036913629,594.811790297196,563.222572271287,0.13970145302744913,0.13970145302744913,329.29222383027485,354.21575674188153,337.5169896911047,3249.4306440353394
2,6.666666666666667e-05,6.666666666666667e-05,0.3254776118373931,0.25842389897540674,370.956247533855,430.6506122253302,390.655387882041,0.1149022987222499,0.1149022987222499,271.33292612552066,249.81748459451305,264.2328304202884,3255.227707862854
3,0.0001,0.0001,0.2815152982732327,0.21790916636406885,314.23654764282924,428.74487362668964,352.02429521750327,0.07999501951191623,0.07999501951191623,207.11762255955088,463.7619221299635,291.8102414177869,3260.306756734848
